wavelength,alpha_0,alpha_0_uncertainty
400,117.29,10.57
400.5,93.79,10.34
401,73.35,10.15
401.5,55.32,9.99
402,39.25,9.85
402.5,24.77,9.72
403,11.61,9.61
403.5,-0.44,9.51
404,-11.57,9.43
404.5,-21.91,9.35
405,-31.57,9.27
405.5,-40.65,9.2
406,-49.23,9.14
406.5,-57.37,9.08
407,-65.13,9.03
407.5,-72.56,8.98
408,-79.7,8.94
408.5,-86.58,8.89
409,-93.24,8.85
409.5,-99.7,8.82
410,-105.99,8.78
410.5,-112.13,8.75
411,-118.13,8.72
411.5,-124.02,8.69
412,-129.81,8.66
412.5,-135.52,8.64
413,-141.16,8.62
413.5,-146.74,8.6
414,-152.27,8.58
414.5,-157.76,8.56
415,-163.23,8.54
415.5,-168.69,8.53
416,-174.14,8.52
416.5,-179.6,8.51
417,-185.07,8.5
417.5,-190.57,8.5
418,-196.1,8.49
418.5,-201.67,8.49
419,-207.31,8.49
419.5,-213.01,8.5
420,-218.79,8.5
420.5,-224.66,8.51
421,-230.65,8.52
421.5,-236.76,8.54
422,-243.01,8.55
422.5,-249.44,8.58
423,-256.05,8.6
423.5,-262.9,8.64
424,-270,8.67
424.5,-277.42,8.72
425,-285.19,8.78
425.5,-293.4,8.84
426,-302.13,8.92
426.5,-311.5,9.02
427,-321.67,9.15
427.5,-332.85,9.3
428,-345.34,9.5
428.5,-359.6,9.77
429,-376.29,10.13
429.5,-396.52,10.64
430,-422.17,11.4
430.5,-456.77,12.61
431,-507.87,14.67
431.5,-594.9,18.73
432,-788.09,28.88
432.08,-844.34,31.97
432.16,-915.19,35.9
432.24,-1007.3,41.08
432.32,-1132.11,48.16
432.4,-1311.04,58.39
432.48,-1589.48,74.41
432.56,-2083.3,102.98
432.64,-3202.25,167.97
432.67,-4101.52,220.28
432.68,-4540.41,245.82
432.69,-5094.55,278.07
432.7,-5816.2,320.09
432.71,-6794.88,377.07
432.72,-8197.69,458.76
432.73,-10376.66,585.67
432.74,-14222.42,809.67
432.75,-22832.28,1311.19
432.76,-59467.46,3445.25
432.77,93925.77,5490.3
432.78,25904.21,1527.9
432.79,14909.95,887.49
432.8,10410.38,625.4
432.81,7962.75,482.85
432.82,6424.02,393.24
432.83,5367.2,331.7
432.84,4596.53,286.83
432.85,4009.64,252.67
432.86,3547.79,225.79
432.87,3174.85,204.09
432.95,1651.34,115.54
433.03,1051.08,80.77
433.11,729.66,62.25
433.19,529.2,50.77
433.27,392.07,42.98
433.35,292.24,37.36
433.43,216.21,33.13
433.51,156.28,29.83
434.01,-46.45,19.2
434.51,-136.42,15.05
435.01,-189.36,12.98
435.51,-225.51,11.82
436.01,-252.69,11.11
436.51,-274.56,10.65
437.01,-293.04,10.35
437.51,-309.26,10.15
438.01,-323.92,10.02
438.51,-337.46,9.94
439.01,-350.21,9.89
439.51,-362.38,9.86
440.01,-374.14,9.86
440.51,-385.61,9.87
441.01,-396.89,9.9
441.51,-408.05,9.93
442.01,-419.16,9.98
442.51,-430.27,10.03
443.01,-441.42,10.1
443.51,-452.66,10.17
444.01,-464.01,10.25
444.51,-475.51,10.33
445.01,-487.2,10.42
445.51,-499.08,10.52
446.01,-511.21,10.62
446.8,-530.9,10.8
447.3,-543.74,10.92
447.8,-556.92,11.05
448.3,-570.44,11.19
448.8,-584.35,11.33
449.3,-598.67,11.48
449.8,-613.43,11.64
450.3,-628.67,11.81
450.8,-644.41,11.98
451.3,-660.69,12.17
451.8,-677.55,12.36
452.3,-695.03,12.57
452.8,-713.18,12.79
453.3,-732.05,13.02
453.8,-751.67,13.26
454.3,-772.12,13.51
454.8,-793.45,13.78
455.3,-815.74,14.07
455.8,-839.04,14.37
456.3,-863.46,14.69
456.8,-889.07,15.03
457.3,-915.97,15.39
457.8,-944.28,15.78
458.3,-974.13,16.18
458.8,-1005.64,16.62
459.3,-1038.99,17.09
459.8,-1074.33,17.59
460.3,-1111.89,18.12
460.36,-1116.55,18.19
460.42,-1121.25,18.26
460.48,-1125.99,18.32
460.54,-1130.76,18.39
460.58,-1133.97,18.44
460.61,-1136.38,18.47
460.64,-1138.8,18.51
460.67,-1141.23,18.54
460.7,-1143.67,18.58
460.73,-1146.12,18.61
460.76,-1148.58,18.65
460.79,-1151.05,18.69
460.82,-1153.53,18.72
460.85,-1156.02,18.76
460.87,-1157.68,18.78
460.9,-1160.19,18.82
460.93,-1162.7,18.86
460.96,-1165.23,18.89
460.99,-1167.76,18.93
461.02,-1170.31,18.97
461.05,-1172.86,19
461.08,-1175.43,19.04
461.11,-1178.01,19.08
461.14,-1180.59,19.12
461.17,-1183.19,19.15
461.23,-1188.41,19.23
461.29,-1193.68,19.31
461.35,-1198.99,19.38
461.41,-1204.34,19.46
461.91,-1250.73,20.15
462.41,-1300.56,20.89
462.91,-1354.24,21.69
463.41,-1412.28,22.57
463.91,-1475.26,23.54
464.41,-1543.88,24.6
464.91,-1619,25.77
465.41,-1701.64,27.08
465.91,-1793.07,28.54
466.41,-1894.87,30.18
466.91,-2009.03,32.05
467.6,-2191.71,35.08
468.1,-2347.04,37.69
468.6,-2527.11,40.76
469.1,-2738.76,44.42
469.6,-2991.68,48.85
470.1,-3300.05,54.34
470.6,-3685.45,61.31
471.1,-4185.28,70.43
471.6,-4856.72,82.95
472.1,-5817.11,101.13
472.6,-7315.32,129.93
473.1,-10005.87,182.4
473.6,-16348.12,307.59
473.68,-18268.63,345.68
473.76,-20730.8,394.58
473.84,-24002.69,459.64
473.92,-28564.24,550.44
473.96,-31593.72,610.78
474,-35368.16,685.99
474.04,-40201.4,782.34
474.08,-46612.32,910.17
474.12,-55525.13,1087.95
474.16,-68761.11,1352.02
474.2,-90475.63,1785.34
474.24,-132660.4,2627.27
474.28,-250092.97,4971.27
474.32,-2307015.95,46030.63
474.33,2165120.34,43240.46
474.37,246319.84,4938.25
474.41,130128.54,2619.04
474.45,88203.43,1782.3
474.49,66583.83,1350.89
474.53,53392.62,1087.72
474.57,44504.22,910.45
474.61,38107.89,782.93
474.65,33283.91,686.79
474.69,29515.54,611.73
474.73,26490.12,551.5
474.81,21933.01,460.87
474.89,18662.66,395.93
474.97,16200.29,347.12
475.05,14278.43,309.12
475.55,7912.48,184.49
476.05,5179.39,132.81
476.55,3620.45,105.12
477.05,2578.89,88.43
477.55,1802.14,77.89
478.05,1169.33,71.35
478.55,611.57,67.79
479.05,81.69,66.77
479.55,-460.55,68.24
480.05,-1059.22,72.5
480.55,-1775.44,80.4
481.05,-2712.59,93.66
481.55,-4080.22,116.2
482.05,-6404.27,158.14
482.55,-11533.39,255.6
482.64,-13221.07,288.17
482.73,-15402.66,330.43
482.82,-18335.17,387.41
482.91,-22491.09,468.38
482.94,-24291.29,503.5
482.99,-27977.05,575.46
483.04,-32891.78,671.51
483.09,-39775.08,806.13
483.14,-50108.85,1008.35
483.19,-67360.48,1346.11
483.24,-101983.07,2024.2
483.29,-206860.67,4078.72
483.39,203567.4,3962.75
483.44,103177.49,1996.15
483.49,69386.13,1334.32
483.54,52425.81,1002.25
483.59,42227.31,802.65
483.64,35417.94,669.44
483.69,30548.26,574.23
483.74,26892.22,502.8
483.79,24045.93,447.23
483.84,21766.78,402.77
483.89,19900.09,366.4
483.98,17193.94,315.23
484.07,15289.7,276.73
484.16,13740.39,246.68
484.25,12494.88,222.58
484.75,8448.12,144.88
485.25,6495.72,108.02
485.75,5336.98,86.55
486.25,4564.57,72.5
486.75,4009.79,62.61
487.25,3590.04,55.26
487.75,3260.07,49.59
488.25,2992.98,45.07
488.75,2771.72,41.39
489.25,2584.98,38.33
489.75,2424.95,35.74
490.25,2286.03,33.53
490.75,2164.12,31.6
491.25,2056.14,29.92
491.75,1959.71,28.43
492.25,1872.99,27.11
492.75,1794.51,25.92
493.25,1723.1,24.85
493.75,1657.8,23.88
494.25,1597.82,23
494.75,1542.5,22.18
495.25,1491.3,21.44
495.75,1443.76,20.75
496.25,1399.46,20.12
496.75,1358.09,19.53
497.25,1319.34,18.98
497.75,1282.97,18.46
498.25,1248.74,17.98
498.75,1216.48,17.53
499.25,1186,17.11
499.75,1157.16,16.71
500.25,1129.81,16.33
500.75,1103.86,15.98
501.25,1079.17,15.64
501.75,1055.67,15.32
502.25,1033.26,15.02
502.75,1011.87,14.73
503.25,991.42,14.46
503.75,971.86,14.2
504.25,953.11,13.95
504.75,935.14,13.71
505.25,917.89,13.48
505.75,901.32,13.26
506.25,885.38,13.05
506.75,870.04,12.85
507.25,855.26,12.66
507.75,841.02,12.48
508.25,827.28,12.3
508.75,814.01,12.13
509.25,801.19,11.96
509.75,788.8,11.8
510.25,776.81,11.65
510.75,765.21,11.5
511.25,753.97,11.36
511.75,743.08,11.22
512.25,732.52,11.09
512.75,722.27,10.96
513.25,712.32,10.84
513.75,702.66,10.72
514.25,693.27,10.6
514.75,684.14,10.49
515.25,675.27,10.38
515.75,666.63,10.27
516.25,658.22,10.17
516.75,650.03,10.07
517.25,642.05,9.97
517.75,634.27,9.88
518.25,626.68,9.79
518.75,619.28,9.7
519.25,612.06,9.61
519.75,605.01,9.53
520.25,598.13,9.44
520.75,591.4,9.36
521.25,584.83,9.29
521.75,578.41,9.21
522.25,572.12,9.14
522.75,565.98,9.06
523.25,559.97,8.99
523.75,554.08,8.92
524.25,548.32,8.86
524.75,542.67,8.79
525.25,537.14,8.73
525.75,531.73,8.67
526.25,526.42,8.6
526.75,521.21,8.55
527.25,516.1,8.49
527.75,511.09,8.43
528.25,506.18,8.37
528.75,501.35,8.32
529.25,496.62,8.27
529.75,491.97,8.21
530.25,487.4,8.16
530.75,482.91,8.11
531.25,478.51,8.06
531.75,474.17,8.02
532.25,469.91,7.97
532.75,465.72,7.92
533.25,461.6,7.88
533.75,457.55,7.83
534.25,453.56,7.79
534.75,449.64,7.75
535.25,445.78,7.71
535.75,441.97,7.67
536.25,438.23,7.63
536.75,434.54,7.59
537.25,430.91,7.55
537.75,427.33,7.51
538.25,423.8,7.47
538.75,420.33,7.44
539.25,416.9,7.4
539.75,413.52,7.36
540.25,410.19,7.33
540.75,406.9,7.3
541.25,403.66,7.26
541.75,400.45,7.23
542.25,397.3,7.2
542.75,394.18,7.17
543.25,391.1,7.13
543.75,388.06,7.1
544.25,385.06,7.07
544.75,382.1,7.04
545.25,379.17,7.01
545.75,376.28,6.99
546.25,373.42,6.96
546.75,370.6,6.93
547.25,367.8,6.9
547.75,365.04,6.88
548.25,362.31,6.85
548.75,359.61,6.82
549.25,356.94,6.8
549.75,354.3,6.77
550.25,351.69,6.75
550.75,349.1,6.72
551.25,346.54,6.7
551.75,344.01,6.67
552.25,341.5,6.65
552.75,339.02,6.63
553.25,336.56,6.6
553.75,334.12,6.58
554.25,331.71,6.56
554.75,329.32,6.54
555.25,326.95,6.52
555.75,324.6,6.5
556.25,322.27,6.47
556.75,319.97,6.45
557.25,317.68,6.43
557.75,315.41,6.41
558.25,313.17,6.39
558.75,310.94,6.37
559.25,308.72,6.35
559.75,306.53,6.34
560.25,304.35,6.32
560.75,302.19,6.3
561.25,300.05,6.28
561.75,297.92,6.26
562.25,295.8,6.24
562.75,293.7,6.23
563.25,291.62,6.21
563.75,289.55,6.19
564.25,287.49,6.18
564.75,285.45,6.16
565.25,283.42,6.14
565.75,281.4,6.13
566.25,279.4,6.11
566.75,277.41,6.09
567.25,275.43,6.08
567.75,273.46,6.06
568.25,271.5,6.05
568.75,269.55,6.03
569.25,267.61,6.02
569.75,265.68,6
570.25,263.77,5.99
570.75,261.86,5.97
571.25,259.96,5.96
571.75,258.07,5.95
572.25,256.18,5.93
572.75,254.31,5.92
573.25,252.44,5.91
573.75,250.59,5.89
574.25,248.74,5.88
574.75,246.89,5.87
575.25,245.05,5.85
575.75,243.22,5.84
576.25,241.4,5.83
576.75,239.58,5.82
577.25,237.77,5.8
577.75,235.96,5.79
578.25,234.16,5.78
578.75,232.36,5.77
579.25,230.57,5.76
579.75,228.78,5.75
580.25,227,5.73
580.75,225.22,5.72
581.25,223.44,5.71
581.75,221.67,5.7
582.25,219.9,5.69
582.75,218.13,5.68
583.25,216.37,5.67
583.75,214.6,5.66
584.25,212.84,5.65
584.75,211.08,5.64
585.25,209.33,5.63
585.75,207.57,5.62
586.25,205.82,5.61
586.75,204.06,5.6
587.25,202.31,5.59
587.75,200.56,5.58
588.25,198.81,5.57
588.75,197.05,5.56
589.25,195.3,5.55
589.75,193.55,5.54
590.25,191.79,5.53
590.75,190.03,5.53
591.25,188.28,5.52
591.75,186.52,5.51
592.25,184.75,5.5
592.75,182.99,5.49
593.25,181.22,5.48
593.75,179.45,5.48
594.25,177.68,5.47
594.75,175.91,5.46
595.25,174.13,5.45
595.75,172.34,5.44
596.25,170.55,5.44
596.75,168.76,5.43
597.25,166.96,5.42
597.75,165.16,5.41
598.25,163.35,5.41
598.75,161.54,5.4
599.25,159.72,5.39
599.75,157.89,5.39
600.25,156.06,5.38
600.75,154.22,5.37
601.25,152.37,5.37
601.75,150.52,5.36
602.25,148.65,5.36
602.75,146.78,5.35
603.25,144.9,5.34
603.75,143.01,5.34
604.25,141.11,5.33
604.75,139.2,5.33
605.25,137.28,5.32
605.75,135.35,5.32
606.25,133.41,5.31
606.75,131.46,5.3
607.25,129.5,5.3
607.75,127.52,5.29
608.25,125.53,5.29
608.75,123.53,5.29
609.25,121.51,5.28
609.75,119.49,5.28
610.25,117.44,5.27
610.75,115.38,5.27
611.25,113.31,5.26
611.75,111.22,5.26
612.25,109.11,5.26
612.75,106.99,5.25
613.25,104.84,5.25
613.75,102.68,5.24
614.25,100.51,5.24
614.75,98.31,5.24
615.25,96.09,5.24
615.75,93.85,5.23
616.25,91.59,5.23
616.75,89.31,5.23
617.25,87.01,5.22
617.75,84.68,5.22
618.25,82.33,5.22
618.75,79.96,5.22
619.25,77.56,5.22
619.75,75.13,5.21
620.25,72.67,5.21
620.75,70.19,5.21
621.25,67.68,5.21
621.75,65.14,5.21
622.25,62.57,5.21
622.75,59.97,5.21
623.25,57.34,5.21
623.75,54.67,5.21
624.25,51.96,5.21
624.75,49.23,5.21
625.25,46.45,5.21
625.75,43.64,5.21
626.25,40.79,5.21
626.75,37.9,5.21
627.25,34.96,5.21
627.75,31.99,5.21
628.25,28.96,5.21
628.75,25.9,5.22
629.25,22.78,5.22
629.75,19.62,5.22
630.25,16.41,5.22
630.75,13.14,5.23
631.25,9.82,5.23
631.75,6.44,5.23
632.25,3.01,5.24
632.75,-0.48,5.24
633.25,-4.04,5.25
633.75,-7.66,5.25
634.25,-11.34,5.26
634.75,-15.1,5.27
635.25,-18.92,5.27
635.75,-22.82,5.28
636.25,-26.79,5.29
636.75,-30.85,5.29
637.25,-34.98,5.3
637.75,-39.21,5.31
638.25,-43.51,5.32
638.75,-47.92,5.33
639.25,-52.41,5.34
639.75,-57.01,5.35
640.25,-61.71,5.36
640.75,-66.52,5.37
641.25,-71.43,5.39
641.75,-76.47,5.4
642.25,-81.62,5.41
642.75,-86.9,5.43
643.25,-92.32,5.45
643.75,-97.87,5.46
644.25,-103.56,5.48
644.75,-109.4,5.5
645.25,-115.4,5.52
645.75,-121.57,5.54
646.25,-127.9,5.56
646.75,-134.41,5.58
647.25,-141.11,5.61
647.75,-148.01,5.63
648.25,-155.11,5.66
648.75,-162.43,5.69
649.25,-169.97,5.72
649.75,-177.76,5.75
650.25,-185.8,5.78
650.75,-194.1,5.82
651.25,-202.68,5.85
651.75,-211.55,5.89
652.25,-220.74,5.93
652.75,-230.25,5.98
653.25,-240.11,6.02
653.75,-250.34,6.07
654.25,-260.97,6.12
654.75,-272,6.17
655.25,-283.48,6.23
655.75,-295.42,6.29
656.25,-307.87,6.36
656.75,-320.84,6.42
657.25,-334.39,6.5
657.75,-348.54,6.57
658.25,-363.35,6.65
658.75,-378.86,6.74
659.25,-395.12,6.83
659.75,-412.19,6.93
660.25,-430.14,7.04
660.75,-449.03,7.15
661.25,-468.95,7.27
661.75,-489.98,7.4
662.25,-512.22,7.54
662.75,-535.78,7.69
663.25,-560.79,7.85
663.75,-587.38,8.02
664.25,-615.71,8.21
664.75,-645.97,8.41
665.25,-678.35,8.63
665.75,-713.1,8.86
666.25,-750.48,9.12
666.75,-790.81,9.4
667.25,-834.46,9.71
667.75,-881.87,10.05
668.25,-933.53,10.42
668.75,-990.06,10.83
669.25,-1052.19,11.29
669.75,-1120.79,11.8
670.25,-1196.94,12.37
670.75,-1281.97,13.01
671.25,-1377.53,13.74
671.75,-1485.71,14.57
672.25,-1609.22,15.53
672.75,-1751.56,16.64
673.25,-1917.42,17.93
673.75,-2113.15,19.48
674.25,-2347.66,21.33
674.75,-2633.76,23.61
675.25,-2990.59,26.46
675.75,-3448.16,30.13
676.25,-4056.16,35.02
676.75,-4903.46,41.86
677.25,-6166.06,52.08
677.75,-8248.65,68.96
678.25,-12334.57,102.13
678.75,-23994.79,196.88
678.81,-27028.43,221.54
678.87,-30930.06,253.25
678.93,-36134.36,295.56
678.99,-43424.53,354.82
679.02,-48287.32,394.35
679.05,-54368.83,443.79
679.08,-62192.87,507.4
679.11,-72633.58,592.28
679.14,-87267.24,711.25
679.17,-109254.28,890
679.2,-145997.12,1188.72
679.23,-219851.74,1789.16
679.26,-444412.07,3614.85
679.32,427561.64,3474.37
679.35,216005.77,1754.4
679.38,144558.54,1173.54
679.41,108658.21,881.67
679.44,87061.13,706.08
679.47,72639.3,588.84
679.5,62326.31,504.99
679.53,54585.17,442.06
679.56,48560.49,393.08
679.59,43738.35,353.88
679.62,39791.38,321.79
679.68,33716.32,272.41
679.74,29259.12,236.18
679.8,25849.45,208.46
679.86,23156.84,186.58
680.36,12455.19,99.62
680.86,8567.09,68.06
681.36,6556.54,51.76
681.86,5320,41.76
682.36,4499.42,35.13
682.86,3902.98,30.33
683.36,3452.93,26.71
683.86,3101.27,23.9
684.4,2798.7,21.49
684.9,2570.42,19.68
685.4,2379.45,18.17
685.9,2217.32,16.9
686.4,2077.95,15.81
686.9,1956.86,14.86
687.4,1850.66,14.04
687.9,1756.77,13.32
688.4,1673.15,12.68
688.9,1598.2,12.11
688.95,1591.13,12.06
689,1584.13,12.01
689.05,1577.2,11.96
689.1,1570.35,11.9
689.15,1563.56,11.85
689.2,1556.84,11.8
689.25,1550.19,11.75
689.3,1543.61,11.7
689.35,1537.09,11.65
689.4,1530.63,11.6
689.415,1528.71,11.59
689.419,1528.2,11.59
689.423,1527.69,11.58
689.427,1527.17,11.58
689.431,1526.66,11.57
689.435,1526.15,11.57
689.439,1525.64,11.57
689.443,1525.13,11.56
689.447,1524.62,11.56
689.451,1524.11,11.56
689.455,1523.61,11.55
689.459,1523.1,11.55
689.463,1522.59,11.54
689.467,1522.08,11.54
689.471,1521.58,11.54
689.475,1521.07,11.53
689.479,1520.56,11.53
689.483,1520.06,11.53
689.487,1519.55,11.52
689.491,1519.05,11.52
689.541,1512.77,11.47
689.591,1506.55,11.42
689.641,1500.39,11.38
689.691,1494.29,11.33
689.741,1488.25,11.29
689.791,1482.26,11.24
689.841,1476.34,11.2
689.891,1470.46,11.15
689.941,1464.65,11.11
689.991,1458.88,11.07
690.491,1404.06,10.66
690.991,1353.91,10.29
691.491,1307.84,9.95
691.991,1265.38,9.65
692.491,1226.11,9.36
692.991,1189.69,9.1
693.491,1155.82,8.86
693.991,1124.23,8.64
694.491,1094.71,8.43
694.991,1067.04,8.24
695.491,1041.07,8.06
695.991,1016.64,7.9
696.491,993.62,7.74
696.991,971.88,7.6
697.491,951.32,7.46
697.991,931.85,7.33
698.491,913.38,7.21
698.991,895.83,7.1
699.491,879.14,6.99
699.991,863.24,6.89
700.491,848.09,6.79
700.991,833.62,6.7
701.491,819.79,6.62
701.991,806.56,6.54
702.491,793.89,6.46
702.991,781.74,6.38
703.491,770.09,6.31
703.991,758.9,6.25
704.491,748.14,6.18
704.991,737.8,6.12
705.491,727.84,6.07
705.991,718.24,6.01
706.491,708.99,5.96
706.991,700.06,5.91
707.491,691.45,5.86
707.991,683.12,5.81
708.491,675.07,5.77
708.991,667.29,5.72
709.491,659.76,5.68
709.991,652.46,5.64
710.491,645.4,5.61
710.991,638.54,5.57
711.491,631.9,5.53
711.991,625.45,5.5
712.491,619.19,5.47
712.991,613.11,5.44
713.491,607.2,5.4
713.991,601.45,5.38
714.491,595.86,5.35
714.991,590.43,5.32
715.491,585.13,5.29
715.991,579.98,5.27
716.491,574.96,5.24
716.991,570.06,5.22
717.491,565.29,5.19
717.991,560.64,5.17
718.491,556.1,5.15
718.991,551.67,5.13
719.491,547.35,5.11
719.991,543.12,5.09
720.491,539,5.07
720.991,534.97,5.05
721.491,531.03,5.03
721.991,527.18,5.01
722.491,523.41,4.99
722.991,519.72,4.98
723.491,516.12,4.96
723.991,512.59,4.94
724.491,509.13,4.93
724.991,505.75,4.91
725.491,502.43,4.9
725.991,499.18,4.88
726.491,496,4.87
726.991,492.88,4.86
727.491,489.82,4.84
727.991,486.82,4.83
728.491,483.87,4.82
728.991,480.99,4.8
729.491,478.15,4.79
729.991,475.37,4.78
730.491,472.64,4.77
730.991,469.96,4.76
731.491,467.33,4.74
731.991,464.74,4.73
732.491,462.2,4.72
732.991,459.7,4.71
733.491,457.25,4.7
733.991,454.84,4.69
734.491,452.46,4.68
734.991,450.13,4.67
735.491,447.84,4.66
735.991,445.58,4.65
736.491,443.36,4.64
736.991,441.18,4.63
737.491,439.03,4.63
737.991,436.91,4.62
738.491,434.83,4.61
738.991,432.78,4.6
739.491,430.76,4.59
739.991,428.77,4.58
740.491,426.81,4.58
740.991,424.88,4.57
741.491,422.98,4.56
741.991,421.11,4.55
742.491,419.26,4.55
742.991,417.44,4.54
743.491,415.65,4.53
743.991,413.88,4.52
744.491,412.13,4.52
744.991,410.41,4.51
745.491,408.72,4.5
745.991,407.04,4.5
746.491,405.39,4.49
746.991,403.76,4.48
747.491,402.16,4.48
747.991,400.57,4.47
748.491,399.01,4.46
748.991,397.46,4.46
749.491,395.94,4.45
749.991,394.43,4.45
750.491,392.95,4.44
750.991,391.48,4.44
751.491,390.03,4.43
751.991,388.6,4.42
752.491,387.18,4.42
752.991,385.79,4.41
753.491,384.41,4.41
753.991,383.04,4.4
754.491,381.7,4.4
754.991,380.36,4.39
755.491,379.05,4.39
755.991,377.75,4.38
756.491,376.46,4.38
756.991,375.19,4.37
757.491,373.94,4.37
757.991,372.69,4.36
758.491,371.47,4.36
758.991,370.25,4.35
759.491,369.05,4.35
759.991,367.86,4.34
760.491,366.69,4.34
760.991,365.52,4.34
761.491,364.37,4.33
761.991,363.24,4.33
762.491,362.11,4.32
762.991,361,4.32
763.491,359.9,4.31
763.991,358.8,4.31
764.491,357.73,4.31
764.991,356.66,4.3
765.491,355.6,4.3
765.991,354.55,4.29
766.491,353.52,4.29
766.991,352.49,4.29
767.491,351.47,4.28
767.991,350.47,4.28
768.491,349.47,4.27
768.991,348.48,4.27
769.491,347.51,4.27
769.991,346.54,4.26
770.491,345.58,4.26
770.991,344.63,4.26
771.491,343.69,4.25
771.991,342.76,4.25
772.491,341.84,4.25
772.991,340.92,4.24
773.491,340.01,4.24
773.991,339.12,4.24
774.491,338.23,4.23
774.991,337.34,4.23
775.491,336.47,4.23
775.991,335.6,4.22
776.491,334.74,4.22
776.991,333.89,4.22
777.491,333.05,4.21
777.991,332.21,4.21
778.491,331.38,4.21
778.991,330.56,4.2
779.491,329.75,4.2
779.991,328.94,4.2
780.491,328.14,4.19
780.991,327.34,4.19
781.491,326.55,4.19
781.991,325.77,4.18
782.491,325,4.18
782.991,324.23,4.18
783.491,323.46,4.18
783.991,322.71,4.17
784.491,321.96,4.17
784.991,321.21,4.17
785.491,320.47,4.16
785.991,319.74,4.16
786.491,319.01,4.16
786.991,318.29,4.16
787.491,317.58,4.15
787.991,316.86,4.15
788.491,316.16,4.15
788.991,315.46,4.15
789.491,314.77,4.14
789.991,314.08,4.14
790.491,313.39,4.14
790.991,312.71,4.14
791.491,312.04,4.13
791.991,311.37,4.13
792.491,310.71,4.13
792.991,310.05,4.13
793.491,309.4,4.12
793.991,308.75,4.12
794.491,308.1,4.12
794.991,307.46,4.12
795.491,306.83,4.11
795.991,306.19,4.11
796.491,305.57,4.11
796.991,304.94,4.11
797.491,304.33,4.1
797.991,303.71,4.1
798.491,303.1,4.1
798.991,302.5,4.1
799.491,301.9,4.09
799.991,301.3,4.09
800.491,300.71,4.09
800.991,300.12,4.09
801.491,299.53,4.08
801.991,298.95,4.08
802.491,298.37,4.08
802.991,297.8,4.08
803.491,297.23,4.08
803.991,296.66,4.07
804.491,296.1,4.07
804.991,295.54,4.07
805.491,294.99,4.07
805.991,294.44,4.07
806.491,293.89,4.06
806.991,293.34,4.06
807.491,292.8,4.06
807.991,292.26,4.06
808.491,291.73,4.05
808.991,291.2,4.05
809.491,290.67,4.05
809.991,290.15,4.05
810.491,289.62,4.05
810.991,289.11,4.04
811.491,288.59,4.04
811.991,288.08,4.04
812.491,287.57,4.04
812.991,287.06,4.04
813.491,286.56,4.03
813.991,286.06,4.03
814.491,285.56,4.03
814.991,285.07,4.03
815.491,284.58,4.03
815.991,284.09,4.03
816.491,283.61,4.02
816.991,283.12,4.02
817.491,282.64,4.02
817.991,282.17,4.02
818.491,281.69,4.02
818.991,281.22,4.01
819.491,280.75,4.01
819.991,280.28,4.01
820.491,279.82,4.01
820.991,279.36,4.01
821.491,278.9,4.01
821.991,278.44,4
822.491,277.99,4
822.991,277.54,4
823.491,277.09,4
823.991,276.64,4
824.491,276.2,3.99
824.991,275.76,3.99
825.491,275.32,3.99
825.991,274.88,3.99
826.491,274.45,3.99
826.991,274.01,3.99
827.491,273.58,3.98
827.991,273.16,3.98
828.491,272.73,3.98
828.991,272.31,3.98
829.491,271.89,3.98
829.991,271.47,3.98
830.491,271.05,3.97
830.991,270.64,3.97
831.491,270.22,3.97
831.991,269.81,3.97
832.491,269.4,3.97
832.991,269,3.97
833.491,268.59,3.96
833.991,268.19,3.96
834.491,267.79,3.96
834.991,267.39,3.96
835.491,266.99,3.96
835.991,266.6,3.96
836.491,266.21,3.96
836.991,265.82,3.95
837.491,265.43,3.95
837.991,265.04,3.95
838.491,264.66,3.95
838.991,264.27,3.95
839.491,263.89,3.95
839.991,263.51,3.94
840.491,263.13,3.94
840.991,262.76,3.94
841.491,262.38,3.94
841.991,262.01,3.94
842.491,261.64,3.94
842.991,261.27,3.94
843.491,260.9,3.93
843.991,260.54,3.93
844.491,260.17,3.93
844.991,259.81,3.93
845.491,259.45,3.93
845.991,259.09,3.93
846.491,258.73,3.93
846.991,258.37,3.92
847.491,258.02,3.92
847.991,257.67,3.92
848.491,257.31,3.92
848.991,256.97,3.92
849.491,256.62,3.92
849.991,256.27,3.92
850.491,255.92,3.91
850.991,255.58,3.91
851.491,255.24,3.91
851.991,254.9,3.91
852.491,254.56,3.91
852.991,254.22,3.91
853.491,253.88,3.91
853.991,253.55,3.9
854.491,253.21,3.9
854.991,252.88,3.9
855.491,252.55,3.9
855.991,252.22,3.9
856.491,251.89,3.9
856.991,251.57,3.9
857.491,251.24,3.9
857.991,250.92,3.89
858.491,250.59,3.89
858.991,250.27,3.89
859.491,249.95,3.89
859.991,249.63,3.89
860.491,249.31,3.89
860.991,249,3.89
861.491,248.68,3.89
861.991,248.37,3.88
862.491,248.06,3.88
862.991,247.75,3.88
863.491,247.43,3.88
863.991,247.13,3.88
864.491,246.82,3.88
864.991,246.51,3.88
865.491,246.21,3.88
865.991,245.9,3.87
866.491,245.6,3.87
866.991,245.3,3.87
867.491,245,3.87
867.991,244.7,3.87
868.491,244.4,3.87
868.991,244.1,3.87
869.491,243.8,3.87
869.991,243.51,3.86
870.491,243.21,3.86
870.991,242.92,3.86
871.491,242.63,3.86
871.991,242.34,3.86
872.491,242.05,3.86
872.991,241.76,3.86
873.491,241.47,3.86
873.991,241.19,3.86
874.491,240.9,3.85
874.991,240.62,3.85
875.491,240.33,3.85
875.991,240.05,3.85
876.491,239.77,3.85
876.991,239.49,3.85
877.491,239.21,3.85
877.991,238.93,3.85
878.491,238.65,3.84
878.991,238.37,3.84
879.491,238.1,3.84
879.991,237.82,3.84
880.491,237.55,3.84
880.991,237.28,3.84
881.491,237.01,3.84
881.991,236.74,3.84
882.491,236.47,3.84
882.991,236.2,3.83
883.491,235.93,3.83
883.991,235.66,3.83
884.491,235.39,3.83
884.991,235.13,3.83
885.491,234.86,3.83
885.991,234.6,3.83
886.491,234.34,3.83
886.991,234.08,3.83
887.491,233.81,3.83
887.991,233.55,3.82
888.491,233.29,3.82
888.991,233.04,3.82
889.491,232.78,3.82
889.991,232.52,3.82
890.491,232.26,3.82
890.991,232.01,3.82
891.491,231.76,3.82
891.991,231.5,3.82
892.491,231.25,3.81
892.991,231,3.81
893.491,230.75,3.81
893.991,230.49,3.81
894.491,230.24,3.81
894.991,230,3.81
895.491,229.75,3.81
895.991,229.5,3.81
896.491,229.25,3.81
896.991,229.01,3.81
897.491,228.76,3.8
897.991,228.52,3.8
898.491,228.27,3.8
898.991,228.03,3.8
899.491,227.79,3.8
899.991,227.55,3.8
900.491,227.31,3.8
900.991,227.07,3.8
901.491,226.83,3.8
901.991,226.59,3.8
902.491,226.35,3.8
902.991,226.11,3.79
903.491,225.88,3.79
903.991,225.64,3.79
904.491,225.41,3.79
904.991,225.17,3.79
905.491,224.94,3.79
905.991,224.71,3.79
906.491,224.47,3.79
906.991,224.24,3.79
907.491,224.01,3.79
907.991,223.78,3.78
908.491,223.55,3.78
908.991,223.32,3.78
909.491,223.09,3.78
909.991,222.87,3.78
910.491,222.64,3.78
910.991,222.41,3.78
911.491,222.19,3.78
911.991,221.96,3.78
912.491,221.74,3.78
912.991,221.51,3.78
913.491,221.29,3.77
913.991,221.07,3.77
914.491,220.84,3.77
914.991,220.62,3.77
915.491,220.4,3.77
915.991,220.18,3.77
916.491,219.96,3.77
916.991,219.74,3.77
917.491,219.52,3.77
917.991,219.3,3.77
918.491,219.09,3.77
918.991,218.87,3.76
919.491,218.65,3.76
919.991,218.44,3.76
920.491,218.22,3.76
920.991,218.01,3.76
921.491,217.79,3.76
921.991,217.58,3.76
922.491,217.37,3.76
922.991,217.15,3.76
923.491,216.94,3.76
923.991,216.73,3.76
924.491,216.52,3.76
924.991,216.31,3.75
925.491,216.1,3.75
925.991,215.89,3.75
926.491,215.68,3.75
926.991,215.47,3.75
927.491,215.27,3.75
927.991,215.06,3.75
928.491,214.85,3.75
928.991,214.65,3.75
929.491,214.44,3.75
929.991,214.23,3.75
930.491,214.03,3.75
930.991,213.83,3.74
931.491,213.62,3.74
931.991,213.42,3.74
932.491,213.22,3.74
932.991,213.01,3.74
933.491,212.81,3.74
933.991,212.61,3.74
934.491,212.41,3.74
934.991,212.21,3.74
935.491,212.01,3.74
935.991,211.81,3.74
936.491,211.61,3.74
936.991,211.41,3.73
937.491,211.22,3.73
937.991,211.02,3.73
938.491,210.82,3.73
938.991,210.62,3.73
939.491,210.43,3.73
939.991,210.23,3.73
940.491,210.04,3.73
940.991,209.84,3.73
941.491,209.65,3.73
941.991,209.45,3.73
942.491,209.26,3.73
942.991,209.07,3.73
943.491,208.87,3.72
943.991,208.68,3.72
944.491,208.49,3.72
944.991,208.3,3.72
945.491,208.11,3.72
945.991,207.92,3.72
946.491,207.73,3.72
946.991,207.54,3.72
947.491,207.35,3.72
947.991,207.16,3.72
948.491,206.97,3.72
948.991,206.78,3.72
949.491,206.59,3.72
949.991,206.41,3.71
950.491,206.22,3.71
950.991,206.03,3.71
951.491,205.85,3.71
951.991,205.66,3.71
952.491,205.48,3.71
952.991,205.29,3.71
953.491,205.11,3.71
953.991,204.92,3.71
954.491,204.74,3.71
954.991,204.55,3.71
955.491,204.37,3.71
955.991,204.19,3.71
956.491,204.01,3.71
956.991,203.82,3.7
957.491,203.64,3.7
957.991,203.46,3.7
958.491,203.28,3.7
958.991,203.1,3.7
959.491,202.92,3.7
959.991,202.74,3.7
960.491,202.56,3.7
960.991,202.38,3.7
961.491,202.2,3.7
961.991,202.02,3.7
962.491,201.85,3.7
962.991,201.67,3.7
963.491,201.49,3.7
963.991,201.31,3.69
964.491,201.14,3.69
964.991,200.96,3.69
965.491,200.79,3.69
965.991,200.61,3.69
966.491,200.43,3.69
966.991,200.26,3.69
967.491,200.09,3.69
967.991,199.91,3.69
968.491,199.74,3.69
968.991,199.56,3.69
969.491,199.39,3.69
969.991,199.22,3.69
970.491,199.04,3.69
970.991,198.87,3.69
971.491,198.7,3.68
971.991,198.53,3.68
972.491,198.36,3.68
972.991,198.18,3.68
973.491,198.01,3.68
973.991,197.84,3.68
974.491,197.67,3.68
974.991,197.5,3.68
975.491,197.33,3.68
975.991,197.16,3.68
976.491,197,3.68
976.991,196.83,3.68
977.491,196.66,3.68
977.991,196.49,3.68
978.491,196.32,3.68
978.991,196.15,3.68
979.491,195.99,3.67
979.991,195.82,3.67
980.491,195.65,3.67
980.991,195.49,3.67
981.491,195.32,3.67
981.991,195.15,3.67
982.491,194.99,3.67
982.991,194.82,3.67
983.491,194.66,3.67
983.991,194.49,3.67
984.491,194.33,3.67
984.991,194.17,3.67
985.491,194,3.67
985.991,193.84,3.67
986.491,193.67,3.67
986.991,193.51,3.67
987.491,193.35,3.66
987.991,193.19,3.66
988.491,193.02,3.66
988.991,192.86,3.66
989.491,192.7,3.66
989.991,192.54,3.66
990.491,192.38,3.66
990.991,192.22,3.66
991.491,192.06,3.66
991.991,191.89,3.66
992.491,191.73,3.66
992.991,191.57,3.66
993.491,191.41,3.66
993.991,191.26,3.66
994.491,191.1,3.66
994.991,190.94,3.66
995.491,190.78,3.65
995.991,190.62,3.65
996.491,190.46,3.65
996.991,190.3,3.65
997.491,190.15,3.65
997.991,189.99,3.65
998.491,189.83,3.65
998.991,189.67,3.65
999.491,189.52,3.65
999.991,189.36,3.65
1000.491,189.2,3.65
1000.991,189.05,3.65
1001.491,188.89,3.65
1001.991,188.74,3.65
1002.491,188.58,3.65
1002.991,188.42,3.65
1003.491,188.27,3.65
1003.991,188.11,3.64
1004.491,187.96,3.64
1004.991,187.81,3.64
1005.491,187.65,3.64
1005.991,187.5,3.64
1006.491,187.34,3.64
1006.991,187.19,3.64
1007.491,187.04,3.64
1007.991,186.88,3.64
1008.491,186.73,3.64
1008.991,186.58,3.64
1009.491,186.43,3.64
1009.991,186.27,3.64
1010.491,186.12,3.64
1010.991,185.97,3.64
1011.491,185.82,3.64
1011.991,185.67,3.64
1012.491,185.52,3.64
1012.991,185.37,3.63
1013.491,185.21,3.63
1013.991,185.06,3.63
1014.491,184.91,3.63
1014.991,184.76,3.63
1015.491,184.61,3.63
1015.991,184.46,3.63
1016.491,184.31,3.63
1016.991,184.16,3.63
1017.491,184.02,3.63
1017.991,183.87,3.63
1018.491,183.72,3.63
1018.991,183.57,3.63
1019.491,183.42,3.63
1019.991,183.27,3.63
1020.491,183.12,3.63
1020.991,182.98,3.63
1021.491,182.83,3.63
1021.991,182.68,3.63
1022.491,182.53,3.62
1022.991,182.39,3.62
1023.491,182.24,3.62
1023.991,182.09,3.62
1024.491,181.95,3.62
1024.991,181.8,3.62
1025.491,181.65,3.62
1025.991,181.51,3.62
1026.491,181.36,3.62
1026.991,181.22,3.62
1027.491,181.07,3.62
1027.991,180.93,3.62
1028.491,180.78,3.62
1028.991,180.64,3.62
1029.491,180.49,3.62
1029.991,180.35,3.62
1030.491,180.2,3.62
1030.991,180.06,3.62
1031.491,179.91,3.62
1031.991,179.77,3.61
1032.491,179.63,3.61
1032.991,179.48,3.61
1033.491,179.34,3.61
1033.991,179.2,3.61
1034.491,179.05,3.61
1034.991,178.91,3.61
1035.491,178.77,3.61
1035.991,178.62,3.61
1036.491,178.48,3.61
1036.991,178.34,3.61
1037.491,178.2,3.61
1037.991,178.06,3.61
1038.491,177.91,3.61
1038.991,177.77,3.61
1039.491,177.63,3.61
1039.991,177.49,3.61
1040.491,177.35,3.61
1040.991,177.21,3.61
1041.491,177.07,3.61
1041.991,176.93,3.61
1042.491,176.79,3.6
1042.991,176.64,3.6
1043.491,176.5,3.6
1043.991,176.36,3.6
1044.491,176.22,3.6
1044.991,176.08,3.6
1045.491,175.94,3.6
1045.991,175.81,3.6
1046.491,175.67,3.6
1046.991,175.53,3.6
1047.491,175.39,3.6
1047.991,175.25,3.6
1048.491,175.11,3.6
1048.991,174.97,3.6
1049.491,174.83,3.6
1049.991,174.69,3.6
1050.491,174.56,3.6
1050.991,174.42,3.6
1051.491,174.28,3.6
1051.991,174.14,3.6
1052.491,174,3.6
1052.991,173.87,3.59
1053.491,173.73,3.59
1053.991,173.59,3.59
1054.491,173.45,3.59
1054.991,173.32,3.59
1055.491,173.18,3.59
1055.991,173.04,3.59
1056.491,172.91,3.59
1056.991,172.77,3.59
1057.491,172.63,3.59
1057.991,172.5,3.59
1058.491,172.36,3.59
1058.991,172.22,3.59
1059.491,172.09,3.59
1059.991,171.95,3.59
1060.491,171.82,3.59
1060.991,171.68,3.59
1061.491,171.55,3.59
1061.991,171.41,3.59
1062.491,171.28,3.59
1062.991,171.14,3.59
1063.491,171.01,3.59
1063.991,170.87,3.58
1064.491,170.74,3.58
1064.991,170.6,3.58
1065.491,170.47,3.58
1065.991,170.33,3.58
1066.491,170.2,3.58
1066.991,170.06,3.58
1067.491,169.93,3.58
1067.991,169.8,3.58
1068.491,169.66,3.58
1068.991,169.53,3.58
1069.491,169.4,3.58
1069.991,169.26,3.58
1070.491,169.13,3.58
1070.991,169,3.58
1071.491,168.86,3.58
1071.991,168.73,3.58
1072.491,168.6,3.58
1072.991,168.46,3.58
1073.491,168.33,3.58
1073.991,168.2,3.58
1074.491,168.07,3.58
1074.991,167.93,3.58
1075.491,167.8,3.57
1075.991,167.67,3.57
1076.491,167.54,3.57
1076.991,167.41,3.57
1077.491,167.27,3.57
1077.991,167.14,3.57
1078.491,167.01,3.57
1078.991,166.88,3.57
1079.491,166.75,3.57
1079.991,166.62,3.57
1080.491,166.49,3.57
1080.991,166.35,3.57
1081.491,166.22,3.57
1081.991,166.09,3.57
1082.491,165.96,3.57
1082.991,165.83,3.57
1083.491,165.7,3.57
1083.991,165.57,3.57
1084.491,165.44,3.57
1084.991,165.31,3.57
1085.491,165.18,3.57
1085.991,165.05,3.57
1086.491,164.92,3.57
1086.991,164.79,3.57
1087.491,164.66,3.57
1087.991,164.53,3.56
1088.491,164.4,3.56
1088.991,164.27,3.56
1089.491,164.14,3.56
1089.991,164.01,3.56
1090.491,163.88,3.56
1090.991,163.75,3.56
1091.491,163.62,3.56
1091.991,163.49,3.56
1092.491,163.37,3.56
1092.991,163.24,3.56
1093.491,163.11,3.56
1093.991,162.98,3.56
1094.491,162.85,3.56
1094.991,162.72,3.56
1095.491,162.59,3.56
1095.991,162.47,3.56
1096.491,162.34,3.56
1096.991,162.21,3.56
1097.491,162.08,3.56
1097.991,161.95,3.56
1098.491,161.82,3.56
1098.991,161.7,3.56
1099.491,161.57,3.56
1099.991,161.44,3.56
1100.491,161.31,3.56
1100.991,161.19,3.55
1101.491,161.06,3.55
1101.991,160.93,3.55
1102.491,160.8,3.55
1102.991,160.68,3.55
1103.491,160.55,3.55
1103.991,160.42,3.55
1104.491,160.3,3.55
1104.991,160.17,3.55
1105.491,160.04,3.55
1105.991,159.91,3.55
1106.491,159.79,3.55
1106.991,159.66,3.55
1107.491,159.53,3.55
1107.991,159.41,3.55
1108.491,159.28,3.55
1108.991,159.16,3.55
1109.491,159.03,3.55
1109.991,158.9,3.55
1110.491,158.78,3.55
1110.991,158.65,3.55
1111.491,158.52,3.55
1111.991,158.4,3.55
1112.491,158.27,3.55
1112.991,158.15,3.55
1113.491,158.02,3.55
1113.991,157.9,3.55
1114.491,157.77,3.54
1114.991,157.64,3.54
1115.491,157.52,3.54
1115.991,157.39,3.54
1116.491,157.27,3.54
1116.991,157.14,3.54
1117.491,157.02,3.54
1117.991,156.89,3.54
1118.491,156.77,3.54
1118.991,156.64,3.54
1119.491,156.52,3.54
1119.991,156.39,3.54
1120.491,156.27,3.54
1120.991,156.14,3.54
1121.491,156.02,3.54
1121.991,155.89,3.54
1122.491,155.77,3.54
1122.991,155.64,3.54
1123.491,155.52,3.54
1123.991,155.4,3.54
1124.491,155.27,3.54
1124.991,155.15,3.54
1125.491,155.02,3.54
1125.991,154.9,3.54
1126.491,154.77,3.54
1126.991,154.65,3.54
1127.491,154.53,3.54
1127.991,154.4,3.54
1128.491,154.28,3.53
1128.991,154.15,3.53
1129.491,154.03,3.53
1129.991,153.91,3.53
1130.491,153.78,3.53
1130.991,153.66,3.53
1131.491,153.54,3.53
1131.991,153.41,3.53
1132.491,153.29,3.53
1132.991,153.17,3.53
1133.491,153.04,3.53
1133.991,152.92,3.53
1134.491,152.8,3.53
1134.991,152.67,3.53
1135.491,152.55,3.53
1135.991,152.43,3.53
1136.491,152.3,3.53
1136.991,152.18,3.53
1137.491,152.06,3.53
1137.991,151.93,3.53
1138.491,151.81,3.53
1138.991,151.69,3.53
1139.491,151.57,3.53
1139.991,151.44,3.53
1140.491,151.32,3.53
1140.991,151.2,3.53
1141.491,151.08,3.53
1141.991,150.95,3.53
1142.491,150.83,3.53
1142.991,150.71,3.53
1143.491,150.59,3.53
1143.991,150.46,3.52
1144.491,150.34,3.52
1144.991,150.22,3.52
1145.491,150.1,3.52
1145.991,149.97,3.52
1146.491,149.85,3.52
1146.991,149.73,3.52
1147.491,149.61,3.52
1147.991,149.49,3.52
1148.491,149.36,3.52
1148.991,149.24,3.52
1149.491,149.12,3.52
1149.991,149,3.52
1150.491,148.88,3.52
1150.991,148.75,3.52
1151.491,148.63,3.52
1151.991,148.51,3.52
1152.491,148.39,3.52
1152.991,148.27,3.52
1153.491,148.14,3.52
1153.991,148.02,3.52
1154.491,147.9,3.52
1154.991,147.78,3.52
1155.491,147.66,3.52
1155.991,147.54,3.52
1156.491,147.42,3.52
1156.991,147.29,3.52
1157.491,147.17,3.52
1157.991,147.05,3.52
1158.491,146.93,3.52
1158.991,146.81,3.52
1159.491,146.69,3.52
1159.991,146.57,3.51
1160.491,146.45,3.51
1160.991,146.32,3.51
1161.491,146.2,3.51
1161.991,146.08,3.51
1162.491,145.96,3.51
1162.991,145.84,3.51
1163.491,145.72,3.51
1163.991,145.6,3.51
1164.491,145.48,3.51
1164.991,145.36,3.51
1165.491,145.24,3.51
1165.991,145.11,3.51
1166.491,144.99,3.51
1166.991,144.87,3.51
1167.491,144.75,3.51
1167.991,144.63,3.51
1168.491,144.51,3.51
1168.991,144.39,3.51
1169.491,144.27,3.51
1169.991,144.15,3.51
1170.491,144.03,3.51
1170.991,143.91,3.51
1171.491,143.79,3.51
1171.991,143.67,3.51
1172.491,143.55,3.51
1172.991,143.43,3.51
1173.491,143.31,3.51
1173.991,143.19,3.51
1174.491,143.06,3.51
1174.991,142.94,3.51
1175.491,142.82,3.51
1175.991,142.7,3.51
1176.491,142.58,3.51
1176.991,142.46,3.51
1177.491,142.34,3.5
1177.991,142.22,3.5
1178.491,142.1,3.5
1178.991,141.98,3.5
1179.491,141.86,3.5
1179.991,141.74,3.5
1180.491,141.62,3.5
1180.991,141.5,3.5
1181.491,141.38,3.5
1181.991,141.26,3.5
1182.491,141.14,3.5
1182.991,141.02,3.5
1183.491,140.9,3.5
1183.991,140.78,3.5
1184.491,140.66,3.5
1184.991,140.54,3.5
1185.491,140.42,3.5
1185.991,140.3,3.5
1186.491,140.18,3.5
1186.991,140.06,3.5
1187.491,139.94,3.5
1187.991,139.82,3.5
1188.491,139.7,3.5
1188.991,139.58,3.5
1189.491,139.46,3.5
1189.991,139.34,3.5
1190.491,139.22,3.5
1190.991,139.1,3.5
1191.491,138.98,3.5
1191.991,138.86,3.5
1192.491,138.74,3.5
1192.991,138.62,3.5
1193.491,138.5,3.5
1193.991,138.38,3.5
1194.491,138.26,3.5
1194.991,138.14,3.5
1195.491,138.03,3.5
1195.991,137.91,3.49
1196.491,137.79,3.49
1196.991,137.67,3.49
1197.491,137.55,3.49
1197.991,137.43,3.49
1198.491,137.31,3.49
1198.991,137.19,3.49
1199.491,137.07,3.49
1199.991,136.95,3.49
1200.491,136.83,3.49
1200.991,136.71,3.49
1201.491,136.59,3.49
1201.991,136.47,3.49
1202.491,136.35,3.49
1202.991,136.23,3.49
1203.491,136.11,3.49
1203.991,135.99,3.49
1204.491,135.87,3.49
1204.991,135.75,3.49
1205.491,135.63,3.49
1205.991,135.51,3.49
1206.491,135.39,3.49
1206.991,135.27,3.49
1207.491,135.16,3.49
1207.991,135.04,3.49
1208.491,134.92,3.49
1208.991,134.8,3.49
1209.491,134.68,3.49
1209.991,134.56,3.49
1210.491,134.44,3.49
1210.991,134.32,3.49
1211.491,134.2,3.49
1211.991,134.08,3.49
1212.491,133.96,3.49
1212.991,133.84,3.49
1213.491,133.72,3.49
1213.991,133.6,3.49
1214.491,133.48,3.49
1214.991,133.36,3.49
1215.491,133.24,3.49
1215.991,133.12,3.48
1216.491,133,3.48
1216.991,132.89,3.48
1217.491,132.77,3.48
1217.991,132.65,3.48
1218.491,132.53,3.48
1218.991,132.41,3.48
1219.491,132.29,3.48
1219.991,132.17,3.48
1220.491,132.05,3.48
1220.991,131.93,3.48
1221.491,131.81,3.48
1221.991,131.69,3.48
1222.491,131.57,3.48
1222.991,131.45,3.48
1223.491,131.33,3.48
1223.991,131.21,3.48
1224.491,131.09,3.48
1224.991,130.97,3.48
1225.491,130.85,3.48
1225.991,130.74,3.48
1226.491,130.62,3.48
1226.991,130.5,3.48
1227.491,130.38,3.48
1227.991,130.26,3.48
1228.491,130.14,3.48
1228.991,130.02,3.48
1229.491,129.9,3.48
1229.991,129.78,3.48
1230.491,129.66,3.48
1230.991,129.54,3.48
1231.491,129.42,3.48
1231.991,129.3,3.48
1232.491,129.18,3.48
1232.991,129.06,3.48
1233.491,128.94,3.48
1233.991,128.82,3.48
1234.491,128.7,3.48
1234.991,128.58,3.48
1235.491,128.46,3.48
1235.991,128.34,3.48
1236.491,128.22,3.48
1236.991,128.1,3.48
1237.491,127.99,3.48
1237.991,127.87,3.47
1238.491,127.75,3.47
1238.991,127.63,3.47
1239.491,127.51,3.47
1239.991,127.39,3.47
1240.491,127.27,3.47
1240.991,127.15,3.47
1241.491,127.03,3.47
1241.991,126.91,3.47
1242.491,126.79,3.47
1242.991,126.67,3.47
1243.491,126.55,3.47
1243.991,126.43,3.47
1244.491,126.31,3.47
1244.991,126.19,3.47
1245.491,126.07,3.47
1245.991,125.95,3.47
1246.491,125.83,3.47
1246.991,125.71,3.47
1247.491,125.59,3.47
1247.991,125.47,3.47
1248.491,125.35,3.47
1248.991,125.23,3.47
1249.491,125.11,3.47
1249.991,124.99,3.47
1250.491,124.87,3.47
1250.991,124.75,3.47
1251.491,124.63,3.47
1251.991,124.51,3.47
1252.491,124.39,3.47
1252.991,124.27,3.47
1253.491,124.15,3.47
1253.991,124.03,3.47
1254.491,123.91,3.47
1254.991,123.79,3.47
1255.491,123.67,3.47
1255.991,123.55,3.47
1256.491,123.43,3.47
1256.991,123.31,3.47
1257.491,123.19,3.47
1257.991,123.07,3.47
1258.491,122.95,3.47
1258.991,122.83,3.47
1259.491,122.71,3.47
1259.991,122.59,3.47
1260.491,122.47,3.47
1260.991,122.35,3.47
1261.491,122.23,3.47
1261.991,122.11,3.46
1262.491,121.99,3.46
1262.991,121.86,3.46
1263.491,121.74,3.46
1263.991,121.62,3.46
1264.491,121.5,3.46
1264.991,121.38,3.46
1265.491,121.26,3.46
1265.991,121.14,3.46
1266.491,121.02,3.46
1266.991,120.9,3.46
1267.491,120.78,3.46
1267.991,120.66,3.46
1268.491,120.54,3.46
1268.991,120.42,3.46
1269.491,120.3,3.46
1269.991,120.18,3.46
1270.491,120.06,3.46
1270.991,119.93,3.46
1271.491,119.81,3.46
1271.991,119.69,3.46
1272.491,119.57,3.46
1272.991,119.45,3.46
1273.491,119.33,3.46
1273.991,119.21,3.46
1274.491,119.09,3.46
1274.991,118.97,3.46
1275.491,118.85,3.46
1275.991,118.73,3.46
1276.491,118.6,3.46
1276.991,118.48,3.46
1277.491,118.36,3.46
1277.991,118.24,3.46
1278.491,118.12,3.46
1278.991,118,3.46
1279.491,117.88,3.46
1279.991,117.76,3.46
1280.491,117.63,3.46
1280.991,117.51,3.46
1281.491,117.39,3.46
1281.991,117.27,3.46
1282.491,117.15,3.46
1282.991,117.03,3.46
1283.491,116.91,3.46
1283.991,116.78,3.46
1284.491,116.66,3.46
1284.991,116.54,3.46
1285.491,116.42,3.46
1285.991,116.3,3.46
1286.491,116.18,3.46
1286.991,116.05,3.46
1287.491,115.93,3.46
1287.991,115.81,3.46
1288.491,115.69,3.46
1288.991,115.57,3.45
1289.491,115.45,3.45
1289.991,115.32,3.45
1290.491,115.2,3.45
1290.991,115.08,3.45
1291.491,114.96,3.45
1291.991,114.84,3.45
1292.491,114.71,3.45
1292.991,114.59,3.45
1293.491,114.47,3.45
1293.991,114.35,3.45
1294.491,114.23,3.45
1294.991,114.1,3.45
1295.491,113.98,3.45
1295.991,113.86,3.45
1296.491,113.74,3.45
1296.991,113.61,3.45
1297.491,113.49,3.45
1297.991,113.37,3.45
1298.491,113.25,3.45
1298.991,113.12,3.45
1299.491,113,3.45
1299.991,112.88,3.45
1300.491,112.76,3.45
1300.991,112.63,3.45
1301.491,112.51,3.45
1301.991,112.39,3.45
1302.491,112.27,3.45
1302.991,112.14,3.45
1303.491,112.02,3.45
1303.991,111.9,3.45
1304.491,111.77,3.45
1304.991,111.65,3.45
1305.491,111.53,3.45
1305.991,111.41,3.45
1306.491,111.28,3.45
1306.991,111.16,3.45
1307.491,111.04,3.45
1307.991,110.91,3.45
1308.491,110.79,3.45
1308.991,110.67,3.45
1309.491,110.54,3.45
1309.991,110.42,3.45
1310.491,110.3,3.45
1310.991,110.17,3.45
1311.491,110.05,3.45
1311.991,109.93,3.45
1312.491,109.8,3.45
1312.991,109.68,3.45
1313.491,109.56,3.45
1313.991,109.43,3.45
1314.491,109.31,3.45
1314.991,109.19,3.45
1315.491,109.06,3.45
1315.991,108.94,3.45
1316.491,108.81,3.45
1316.991,108.69,3.45
1317.491,108.57,3.45
1317.991,108.44,3.45
1318.491,108.32,3.45
1318.991,108.19,3.45
1319.491,108.07,3.44
1319.991,107.95,3.44
1320.491,107.82,3.44
1320.991,107.7,3.44
1321.491,107.57,3.44
1321.991,107.45,3.44
1322.491,107.32,3.44
1322.991,107.2,3.44
1323.491,107.08,3.44
1323.991,106.95,3.44
1324.491,106.83,3.44
1324.991,106.7,3.44
1325.491,106.58,3.44
1325.991,106.45,3.44
1326.491,106.33,3.44
1326.991,106.2,3.44
1327.491,106.08,3.44
1327.991,105.95,3.44
1328.491,105.83,3.44
1328.991,105.7,3.44
1329.491,105.58,3.44
1329.991,105.45,3.44
1330.491,105.33,3.44
1330.991,105.2,3.44
1331.491,105.08,3.44
1331.991,104.95,3.44
1332.491,104.83,3.44
1332.991,104.7,3.44
1333.491,104.58,3.44
1333.991,104.45,3.44
1334.491,104.33,3.44
1334.991,104.2,3.44
1335.491,104.07,3.44
1335.991,103.95,3.44
1336.491,103.82,3.44
1336.991,103.7,3.44
1337.491,103.57,3.44
1337.991,103.45,3.44
1338.491,103.32,3.44
1338.991,103.19,3.44
1339.491,103.07,3.44
1339.991,102.94,3.44
1340.491,102.82,3.44
1340.991,102.69,3.44
1341.491,102.56,3.44
1341.991,102.44,3.44
1342.491,102.31,3.44
1342.991,102.18,3.44
1343.491,102.06,3.44
1343.991,101.93,3.44
1344.7,101.75,3.44
1345.2,101.63,3.44
1345.7,101.5,3.44
1346.2,101.37,3.44
1346.7,101.25,3.44
1347.2,101.12,3.44
1347.7,100.99,3.44
1348.2,100.86,3.44
1348.7,100.74,3.44
1349.2,100.61,3.44
1349.7,100.48,3.44
1350.2,100.36,3.44
1350.7,100.23,3.44
1351.2,100.1,3.44
1351.7,99.97,3.44
1352.2,99.85,3.44
1352.7,99.72,3.44
1353.2,99.59,3.44
1353.7,99.47,3.44
1354.2,99.34,3.44
1354.7,99.21,3.44
1355.2,99.08,3.44
1355.7,98.95,3.43
1356.2,98.83,3.43
1356.7,98.7,3.43
1357.2,98.57,3.43
1357.7,98.44,3.43
1358.2,98.31,3.43
1358.7,98.19,3.43
1359.2,98.06,3.43
1359.7,97.93,3.43
1360.2,97.8,3.43
1360.7,97.67,3.43
1361.2,97.55,3.43
1361.7,97.42,3.43
1362.2,97.29,3.43
1362.7,97.16,3.43
1363.2,97.03,3.43
1363.7,96.9,3.43
1364.2,96.77,3.43
1364.7,96.65,3.43
1365.2,96.52,3.43
1365.7,96.39,3.43
1366.2,96.26,3.43
1366.7,96.13,3.43
1367.2,96,3.43
1367.7,95.87,3.43
1368.2,95.74,3.43
1368.7,95.61,3.43
1369.2,95.48,3.43
1369.7,95.35,3.43
1370.2,95.22,3.43
1370.7,95.09,3.43
1371.2,94.97,3.43
1371.7,94.84,3.43
1372.2,94.71,3.43
1372.7,94.58,3.43
1373.2,94.45,3.43
1373.7,94.32,3.43
1374.2,94.19,3.43
1374.7,94.06,3.43
1375.2,93.93,3.43
1375.7,93.8,3.43
1376.2,93.67,3.43
1376.7,93.54,3.43
1377.2,93.4,3.43
1377.7,93.27,3.43
1378.2,93.14,3.43
1378.7,93.01,3.43
1379.2,92.88,3.43
1379.7,92.75,3.43
1380.2,92.62,3.43
1380.7,92.49,3.43
1381.2,92.36,3.43
1381.7,92.23,3.43
1382.2,92.1,3.43
1382.7,91.97,3.43
1383.2,91.84,3.43
1383.7,91.7,3.43
1384.2,91.57,3.43
1384.7,91.44,3.43
1385.2,91.31,3.43
1385.7,91.18,3.43
1386.2,91.05,3.43
1386.7,90.92,3.43
1387.2,90.78,3.43
1387.7,90.65,3.43
1388.2,90.52,3.43
1388.7,90.39,3.43
1389.2,90.26,3.43
1389.7,90.12,3.43
1390.2,89.99,3.43
1390.7,89.86,3.43
1391.2,89.73,3.43
1391.7,89.6,3.43
1392.2,89.46,3.43
1392.7,89.33,3.43
1393.2,89.2,3.43
1393.7,89.07,3.43
1394.2,88.93,3.43
1394.7,88.8,3.43
1395.2,88.67,3.43
1395.7,88.53,3.43
1396.2,88.4,3.43
1396.7,88.27,3.43
1397.2,88.13,3.43
1397.7,88,3.43
1398.2,87.87,3.43
1398.7,87.74,3.43
1399.2,87.6,3.43
1399.7,87.47,3.43
1400.2,87.33,3.43
1400.7,87.2,3.43
1401.2,87.07,3.43
1401.7,86.93,3.43
1402.2,86.8,3.42
1402.7,86.67,3.42
1403.2,86.53,3.42
1403.7,86.4,3.42
1404.2,86.26,3.42
1404.7,86.13,3.42
1405.2,86,3.42
1405.7,85.86,3.42
1406.2,85.73,3.42
1406.7,85.59,3.42
1407.2,85.46,3.42
1407.7,85.32,3.42
1408.2,85.19,3.42
1408.7,85.05,3.42
1409.2,84.92,3.42
1409.7,84.78,3.42
1410.2,84.65,3.42
1410.7,84.51,3.42
1411.2,84.38,3.42
1411.7,84.24,3.42
1412.2,84.11,3.42
1412.7,83.97,3.42
1413.2,83.84,3.42
1413.7,83.7,3.42
1414.2,83.56,3.42
1414.7,83.43,3.42
1415.2,83.29,3.42
1415.7,83.16,3.42
1416.2,83.02,3.42
1416.7,82.89,3.42
1417.2,82.75,3.42
1417.7,82.61,3.42
1418.2,82.48,3.42
1418.7,82.34,3.42
1419.2,82.2,3.42
1419.7,82.07,3.42
1420.2,81.93,3.42
1420.7,81.79,3.42
1421.2,81.66,3.42
1421.7,81.52,3.42
1422.2,81.38,3.42
1422.7,81.25,3.42
1423.2,81.11,3.42
1423.7,80.97,3.42
1424.2,80.83,3.42
1424.7,80.7,3.42
1425.2,80.56,3.42
1425.7,80.42,3.42
1426.2,80.28,3.42
1426.7,80.15,3.42
1427.2,80.01,3.42
1427.7,79.87,3.42
1428.2,79.73,3.42
1428.7,79.6,3.42
1429.2,79.46,3.42
1429.7,79.32,3.42
1430.2,79.18,3.42
1430.7,79.04,3.42
1431.2,78.9,3.42
1431.7,78.77,3.42
1432.2,78.63,3.42
1432.7,78.49,3.42
1433.2,78.35,3.42
1433.7,78.21,3.42
1434.2,78.07,3.42
1434.7,77.93,3.42
1435.2,77.79,3.42
1435.7,77.65,3.42
1436.2,77.51,3.42
1436.7,77.38,3.42
1437.2,77.24,3.42
1437.7,77.1,3.42
1438.2,76.96,3.42
1438.7,76.82,3.42
1439.2,76.68,3.42
1439.7,76.54,3.42
1440.2,76.4,3.42
1440.7,76.26,3.42
1441.2,76.12,3.42
1441.7,75.98,3.42
1442.2,75.84,3.42
1442.7,75.7,3.42
1443.2,75.56,3.42
1443.7,75.41,3.42
1444.2,75.27,3.42
1444.7,75.13,3.42
1445.2,74.99,3.42
1445.7,74.85,3.42
1446.2,74.71,3.42
1446.7,74.57,3.42
1447.2,74.43,3.42
1447.7,74.29,3.42
1448.2,74.14,3.42
1448.7,74,3.42
1449.2,73.86,3.42
1449.7,73.72,3.42
1450.2,73.58,3.42
1450.7,73.44,3.42
1451.2,73.29,3.42
1451.7,73.15,3.42
1452.2,73.01,3.42
1452.7,72.87,3.42
1453.2,72.72,3.42
1453.7,72.58,3.42
1454.2,72.44,3.42
1454.7,72.3,3.42
1455.2,72.15,3.42
1455.7,72.01,3.42
1456.2,71.87,3.42
1456.7,71.73,3.42
1457.2,71.58,3.42
1457.7,71.44,3.42
1458.2,71.3,3.42
1458.7,71.15,3.42
1459.2,71.01,3.42
1459.7,70.87,3.42
1460.2,70.72,3.42
1460.7,70.58,3.42
1461.2,70.43,3.42
1461.7,70.29,3.42
1462.2,70.15,3.42
1462.7,70,3.42
1463.2,69.86,3.42
1463.7,69.71,3.42
1464.2,69.57,3.42
1464.7,69.42,3.42
1465.2,69.28,3.42
1465.7,69.13,3.42
1466.2,68.99,3.42
1466.7,68.84,3.42
1467.2,68.7,3.42
1467.7,68.55,3.42
1468.2,68.41,3.42
1468.7,68.26,3.42
1469.2,68.12,3.42
1469.7,67.97,3.42
1470.2,67.83,3.42
1470.7,67.68,3.42
1471.2,67.54,3.42
1471.7,67.39,3.42
1472.2,67.24,3.42
1472.7,67.1,3.42
1473.2,66.95,3.42
1473.7,66.8,3.42
1474.2,66.66,3.42
1474.7,66.51,3.42
1475.2,66.36,3.42
1475.7,66.22,3.42
1476.2,66.07,3.42
1476.7,65.92,3.42
1477.2,65.78,3.42
1477.7,65.63,3.42
1478.2,65.48,3.42
1478.7,65.33,3.42
1479.2,65.19,3.42
1479.7,65.04,3.42
1480.2,64.89,3.42
1480.7,64.74,3.41
1481.2,64.6,3.41
1481.7,64.45,3.41
1482.2,64.3,3.41
1482.7,64.15,3.41
1483.2,64,3.41
1483.7,63.85,3.41
1484.2,63.71,3.41
1484.7,63.56,3.41
1485.2,63.41,3.41
1485.7,63.26,3.41
1486.2,63.11,3.41
1486.7,62.96,3.41
1487.2,62.81,3.41
1487.7,62.66,3.41
1488.2,62.51,3.41
1488.7,62.36,3.41
1489.2,62.21,3.41
1489.7,62.06,3.41
1490.2,61.91,3.41
1490.7,61.76,3.41
1491.2,61.61,3.41
1491.7,61.46,3.41
1492.2,61.31,3.41
1492.7,61.16,3.41
1493.2,61.01,3.41
1493.7,60.86,3.41
1494.2,60.71,3.41
1494.7,60.56,3.41
1495.2,60.41,3.41
1495.7,60.26,3.41
1496.2,60.11,3.41
1496.7,59.96,3.41
1497.2,59.81,3.41
1497.7,59.65,3.41
1498.2,59.5,3.41
1498.7,59.35,3.41
1499.2,59.2,3.41
1499.7,59.05,3.41
1500.2,58.89,3.41
1500.7,58.74,3.41
1501.2,58.59,3.41
1501.7,58.44,3.41
1502.2,58.29,3.41
1502.7,58.13,3.41
1503.2,57.98,3.41
1503.7,57.83,3.41
1504.2,57.67,3.41
1504.7,57.52,3.41
1505.2,57.37,3.41
1505.7,57.21,3.41
1506.2,57.06,3.41
1506.7,56.91,3.41
1507.2,56.75,3.41
1507.7,56.6,3.41
1508.2,56.45,3.41
1508.7,56.29,3.41
1509.2,56.14,3.41
1509.7,55.98,3.41
1510.2,55.83,3.41
1510.7,55.67,3.41
1511.2,55.52,3.41
1511.7,55.37,3.41
1512.2,55.21,3.41
1512.7,55.06,3.41
1513.2,54.9,3.41
1513.7,54.75,3.41
1514.2,54.59,3.41
1514.7,54.43,3.41
1515.2,54.28,3.41
1515.7,54.12,3.41
1516.2,53.97,3.41
1516.7,53.81,3.41
1517.2,53.66,3.41
1517.7,53.5,3.41
1518.2,53.34,3.41
1518.7,53.19,3.41
1519.2,53.03,3.41
1519.7,52.87,3.41
1520.2,52.72,3.41
1520.7,52.56,3.41
1521.2,52.4,3.41
1521.7,52.25,3.41
1522.2,52.09,3.41
1522.7,51.93,3.41
1523.2,51.77,3.41
1523.7,51.62,3.41
1524.2,51.46,3.41
1524.7,51.3,3.41
1525.2,51.14,3.41
1525.7,50.98,3.41
1526.2,50.83,3.41
1526.7,50.67,3.41
1527.2,50.51,3.41
1527.7,50.35,3.41
1528.2,50.19,3.41
1528.7,50.03,3.41
1529.2,49.87,3.41
1529.7,49.71,3.41
1530.2,49.56,3.41
1530.7,49.4,3.41
1531.2,49.24,3.41
1531.7,49.08,3.41
1532.2,48.92,3.41
1532.7,48.76,3.41
1533.2,48.6,3.41
1533.7,48.44,3.41
1534.2,48.28,3.41
1534.7,48.12,3.41
1535.2,47.96,3.41
1535.7,47.8,3.41
1536.2,47.63,3.41
1536.7,47.47,3.41
1537.2,47.31,3.41
1537.7,47.15,3.41
1538.2,46.99,3.41
1538.7,46.83,3.41
1539.2,46.67,3.41
1539.7,46.51,3.41
1540.2,46.34,3.41
1540.7,46.18,3.41
1541.2,46.02,3.41
1541.7,45.86,3.41
1542.2,45.69,3.41
1542.7,45.53,3.41
1543.2,45.37,3.41
1543.7,45.21,3.41
1544.2,45.04,3.41
1544.7,44.88,3.41
1545.2,44.72,3.41
1545.7,44.55,3.41
1546.2,44.39,3.41
1546.7,44.23,3.41
1547.2,44.06,3.41
1547.7,43.9,3.41
1548.2,43.74,3.41
1548.7,43.57,3.41
1549.2,43.41,3.41
1549.7,43.24,3.41
1550.2,43.08,3.41
1550.7,42.91,3.41
1551.2,42.75,3.41
1551.7,42.59,3.41
1552.2,42.42,3.41
1552.7,42.25,3.41
1553.2,42.09,3.41
1553.7,41.92,3.41
1554.2,41.76,3.41
1554.7,41.59,3.41
1555.2,41.43,3.41
1555.7,41.26,3.41
1556.2,41.09,3.41
1556.7,40.93,3.41
1557.2,40.76,3.41
1557.7,40.6,3.41
1558.2,40.43,3.41
1558.7,40.26,3.41
1559.2,40.1,3.41
1559.7,39.93,3.41
1560.2,39.76,3.41
1560.7,39.59,3.41
1561.2,39.43,3.41
1561.7,39.26,3.41
1562.2,39.09,3.41
1562.7,38.92,3.41
1563.2,38.75,3.41
1563.7,38.59,3.41
1564.2,38.42,3.41
1564.7,38.25,3.41
1565.2,38.08,3.41
1565.7,37.91,3.41
1566.2,37.74,3.41
1566.7,37.57,3.41
1567.2,37.4,3.41
1567.7,37.23,3.41
1568.2,37.07,3.41
1568.7,36.9,3.41
1569.2,36.73,3.41
1569.7,36.56,3.41
1570.2,36.39,3.41
1570.7,36.22,3.41
1571.2,36.05,3.41
1571.7,35.87,3.41
1572.2,35.7,3.41
1572.7,35.53,3.41
1573.2,35.36,3.41
1573.7,35.19,3.41
1574.2,35.02,3.41
1574.7,34.85,3.41
1575.2,34.68,3.41
1575.7,34.5,3.41
1576.2,34.33,3.41
1576.7,34.16,3.41
1577.2,33.99,3.41
1577.7,33.82,3.41
1578.2,33.64,3.42
1578.7,33.47,3.42
1579.2,33.3,3.42
1579.7,33.13,3.42
1580.2,32.95,3.42
1580.7,32.78,3.42
1581.2,32.61,3.42
1581.7,32.43,3.42
1582.2,32.26,3.42
1582.7,32.08,3.42
1583.2,31.91,3.42
1583.7,31.74,3.42
1584.2,31.56,3.42
1584.7,31.39,3.42
1585.2,31.21,3.42
1585.7,31.04,3.42
1586.2,30.86,3.42
1586.7,30.69,3.42
1587.2,30.51,3.42
1587.7,30.34,3.42
1588.2,30.16,3.42
1588.7,29.99,3.42
1589.2,29.81,3.42
1589.7,29.63,3.42
1590.2,29.46,3.42
1590.7,29.28,3.42
1591.2,29.11,3.42
1591.7,28.93,3.42
1592.2,28.75,3.42
1592.7,28.58,3.42
1593.2,28.4,3.42
1593.7,28.22,3.42
1594.2,28.04,3.42
1594.7,27.87,3.42
1595.2,27.69,3.42
1595.7,27.51,3.42
1596.2,27.33,3.42
1596.7,27.15,3.42
1597.2,26.98,3.42
1597.7,26.8,3.42
1598.2,26.62,3.42
1598.7,26.44,3.42
1599.2,26.26,3.42
1599.7,26.08,3.42
1600.2,25.9,3.42
1600.7,25.72,3.42
1601.2,25.54,3.42
1601.7,25.36,3.42
1602.2,25.18,3.42
1602.7,25,3.42
1603.2,24.82,3.42
1603.7,24.64,3.42
1604.2,24.46,3.42
1604.7,24.28,3.42
1605.2,24.1,3.42
1605.7,23.92,3.42
1606.2,23.74,3.42
1606.7,23.56,3.42
1607.2,23.37,3.42
1607.7,23.19,3.42
1608.2,23.01,3.42
1608.7,22.83,3.42
1609.2,22.65,3.42
1609.7,22.46,3.42
1610.2,22.28,3.42
1610.7,22.1,3.42
1611.2,21.92,3.42
1611.7,21.73,3.42
1612.2,21.55,3.42
1612.7,21.37,3.42
1613.2,21.18,3.42
1613.7,21,3.42
1614.2,20.81,3.42
1614.7,20.63,3.42
1615.2,20.45,3.42
1615.7,20.26,3.42
1616.2,20.08,3.42
1616.7,19.89,3.42
1617.2,19.71,3.42
1617.7,19.52,3.42
1618.2,19.34,3.42
1618.7,19.15,3.42
1619.2,18.96,3.42
1619.7,18.78,3.42
1620.2,18.59,3.42
1620.7,18.41,3.42
1621.2,18.22,3.42
1621.7,18.03,3.42
1622.2,17.85,3.42
1622.7,17.66,3.42
1623.2,17.47,3.42
1623.7,17.28,3.42
1624.2,17.1,3.42
1624.7,16.91,3.42
1625.2,16.72,3.42
1625.7,16.53,3.42
1626.2,16.35,3.42
1626.7,16.16,3.42
1627.2,15.97,3.42
1627.7,15.78,3.42
1628.2,15.59,3.42
1628.7,15.4,3.42
1629.2,15.21,3.42
1629.7,15.02,3.42
1630.2,14.83,3.42
1630.7,14.64,3.42
1631.2,14.45,3.42
1631.7,14.26,3.42
1632.2,14.07,3.42
1632.7,13.88,3.42
1633.2,13.69,3.42
1633.7,13.5,3.42
1634.2,13.31,3.42
1634.7,13.12,3.42
1635.2,12.93,3.42
1635.7,12.74,3.42
1636.2,12.54,3.42
1636.7,12.35,3.42
1637.2,12.16,3.42
1637.7,11.97,3.42
1638.2,11.78,3.42
1638.7,11.58,3.42
1639.2,11.39,3.42
1639.7,11.2,3.42
1640.2,11,3.42
1640.7,10.81,3.42
1641.2,10.62,3.42
1641.7,10.42,3.42
1642.2,10.23,3.42
1642.7,10.03,3.42
1643.2,9.84,3.42
1643.7,9.65,3.42
1644.2,9.45,3.42
1644.7,9.26,3.42
1645.2,9.06,3.42
1645.7,8.86,3.42
1646.2,8.67,3.42
1646.7,8.47,3.42
1647.2,8.28,3.42
1647.7,8.08,3.42
1648.2,7.89,3.42
1648.7,7.69,3.42
1649.2,7.49,3.43
1649.7,7.3,3.43
1650.2,7.1,3.43
1650.7,6.9,3.43
1651.2,6.7,3.43
1651.7,6.51,3.43
1652.2,6.31,3.43
1652.7,6.11,3.43
1653.2,5.91,3.43
1653.7,5.71,3.43
1654.2,5.51,3.43
1654.7,5.32,3.43
1655.2,5.12,3.43
1655.7,4.92,3.43
1656.2,4.72,3.43
1656.7,4.52,3.43
1657.2,4.32,3.43
1657.7,4.12,3.43
1658.2,3.92,3.43
1658.7,3.72,3.43
1659.2,3.52,3.43
1659.7,3.32,3.43
1660.2,3.12,3.43
1660.7,2.91,3.43
1661.2,2.71,3.43
1661.7,2.51,3.43
1662.2,2.31,3.43
1662.7,2.11,3.43
1663.2,1.91,3.43
1663.7,1.7,3.43
1664.2,1.5,3.43
1664.7,1.3,3.43
1665.2,1.09,3.43
1665.7,0.89,3.43
1666.2,0.69,3.43
1666.7,0.48,3.43
1667.2,0.28,3.43
1667.7,0.08,3.43
1668.2,-0.13,3.43
1668.7,-0.33,3.43
1669.2,-0.54,3.43
1669.7,-0.74,3.43
1670.2,-0.95,3.43
1670.7,-1.15,3.43
1671.2,-1.36,3.43
1671.7,-1.56,3.43
1672.2,-1.77,3.43
1672.7,-1.98,3.43
1673.2,-2.18,3.43
1673.7,-2.39,3.43
1674.2,-2.6,3.43
1674.7,-2.8,3.43
1675.2,-3.01,3.43
1675.7,-3.22,3.43
1676.2,-3.42,3.43
1676.7,-3.63,3.43
1677.2,-3.84,3.43
1677.7,-4.05,3.43
1678.2,-4.26,3.43
1678.7,-4.47,3.43
1679.2,-4.67,3.43
1679.7,-4.88,3.43
1680.2,-5.09,3.43
1680.7,-5.3,3.43
1681.2,-5.51,3.43
1681.7,-5.72,3.43
1682.2,-5.93,3.43
1682.7,-6.14,3.43
1683.2,-6.35,3.43
1683.7,-6.56,3.43
1684.2,-6.78,3.43
1684.7,-6.99,3.43
1685.2,-7.2,3.43
1685.7,-7.41,3.43
1686.2,-7.62,3.43
1686.7,-7.83,3.43
1687.2,-8.05,3.43
1687.7,-8.26,3.43
1688.2,-8.47,3.43
1688.7,-8.68,3.44
1689.2,-8.9,3.44
1689.7,-9.11,3.44
1690.2,-9.33,3.44
1690.7,-9.54,3.44
1691.2,-9.75,3.44
1691.7,-9.97,3.44
1692.2,-10.18,3.44
1692.7,-10.4,3.44
1693.2,-10.61,3.44
1693.7,-10.83,3.44
1694.2,-11.04,3.44
1694.7,-11.26,3.44
1695.2,-11.47,3.44
1695.7,-11.69,3.44
1696.2,-11.91,3.44
1696.7,-12.12,3.44
1697.2,-12.34,3.44
1697.7,-12.56,3.44
1698.2,-12.77,3.44
1698.7,-12.99,3.44
1699.2,-13.21,3.44
1699.7,-13.43,3.44
1700.2,-13.65,3.44
1700.7,-13.86,3.44
1701.2,-14.08,3.44
1701.7,-14.3,3.44
1702.2,-14.52,3.44
1702.7,-14.74,3.44
1703.2,-14.96,3.44
1703.7,-15.18,3.44
1704.2,-15.4,3.44
1704.7,-15.62,3.44
1705.2,-15.84,3.44
1705.7,-16.06,3.44
1706.2,-16.28,3.44
1706.7,-16.5,3.44
1707.2,-16.73,3.44
1707.7,-16.95,3.44
1708.2,-17.17,3.44
1708.7,-17.39,3.44
1709.2,-17.61,3.44
1709.7,-17.84,3.44
1710.2,-18.06,3.44
1710.7,-18.28,3.44
1711.2,-18.51,3.44
1711.7,-18.73,3.44
1712.2,-18.95,3.44
1712.7,-19.18,3.44
1713.2,-19.4,3.44
1713.7,-19.63,3.44
1714.2,-19.85,3.44
1714.7,-20.08,3.44
1715.2,-20.3,3.44
1715.7,-20.53,3.44
1716.2,-20.75,3.44
1716.7,-20.98,3.44
1717.2,-21.21,3.44
1717.7,-21.43,3.44
1718.2,-21.66,3.44
1718.7,-21.89,3.45
1719.2,-22.11,3.45
1719.7,-22.34,3.45
1720.2,-22.57,3.45
1720.7,-22.8,3.45
1721.2,-23.03,3.45
1721.7,-23.25,3.45
1722.2,-23.48,3.45
1722.7,-23.71,3.45
1723.2,-23.94,3.45
1723.7,-24.17,3.45
1724.2,-24.4,3.45
1724.7,-24.63,3.45
1725.2,-24.86,3.45
1725.7,-25.09,3.45
1726.2,-25.32,3.45
1726.7,-25.55,3.45
1727.2,-25.78,3.45
1727.7,-26.02,3.45
1728.2,-26.25,3.45
1728.7,-26.48,3.45
1729.2,-26.71,3.45
1729.7,-26.94,3.45
1730.2,-27.18,3.45
1730.7,-27.41,3.45
1731.2,-27.64,3.45
1731.7,-27.88,3.45
1732.2,-28.11,3.45
1732.7,-28.35,3.45
1733.2,-28.58,3.45
1733.7,-28.81,3.45
1734.2,-29.05,3.45
1734.7,-29.28,3.45
1735.2,-29.52,3.45
1735.7,-29.76,3.45
1736.2,-29.99,3.45
1736.7,-30.23,3.45
1737.2,-30.46,3.45
1737.7,-30.7,3.45
1738.2,-30.94,3.45
1738.7,-31.18,3.45
1739.2,-31.41,3.45
1739.7,-31.65,3.45
1740.2,-31.89,3.45
1740.7,-32.13,3.45
1741.2,-32.37,3.45
1741.7,-32.61,3.45
1742.2,-32.84,3.45
1742.7,-33.08,3.45
1743.2,-33.32,3.45
1743.7,-33.56,3.46
1744.2,-33.8,3.46
1744.7,-34.04,3.46
1745.2,-34.29,3.46
1745.7,-34.53,3.46
1746.2,-34.77,3.46
1746.7,-35.01,3.46
1747.2,-35.25,3.46
1747.7,-35.49,3.46
1748.2,-35.74,3.46
1748.7,-35.98,3.46
1749.2,-36.22,3.46
1749.7,-36.46,3.46
1750.2,-36.71,3.46
1750.7,-36.95,3.46
1751.2,-37.2,3.46
1751.7,-37.44,3.46
1752.2,-37.68,3.46
1752.7,-37.93,3.46
1753.2,-38.18,3.46
1753.7,-38.42,3.46
1754.2,-38.67,3.46
1754.7,-38.91,3.46
1755.2,-39.16,3.46
1755.7,-39.41,3.46
1756.2,-39.65,3.46
1756.7,-39.9,3.46
1757.2,-40.15,3.46
1757.7,-40.39,3.46
1758.2,-40.64,3.46
1758.7,-40.89,3.46
1759.2,-41.14,3.46
1759.7,-41.39,3.46
1760.2,-41.64,3.46
1760.7,-41.89,3.46
1761.2,-42.14,3.46
1761.7,-42.39,3.46
1762.2,-42.64,3.46
1762.7,-42.89,3.46
1763.2,-43.14,3.46
1763.7,-43.39,3.46
1764.2,-43.64,3.46
1764.7,-43.89,3.47
1765.2,-44.15,3.47
1765.7,-44.4,3.47
1766.2,-44.65,3.47
1766.7,-44.9,3.47
1767.2,-45.16,3.47
1767.7,-45.41,3.47
1768.2,-45.66,3.47
1768.7,-45.92,3.47
1769.2,-46.17,3.47
1769.7,-46.43,3.47
1770.2,-46.68,3.47
1770.7,-46.94,3.47
1771.2,-47.19,3.47
1771.7,-47.45,3.47
1772.2,-47.71,3.47
1772.7,-47.96,3.47
1773.2,-48.22,3.47
1773.7,-48.48,3.47
1774.2,-48.73,3.47
1774.7,-48.99,3.47
1775.2,-49.25,3.47
1775.7,-49.51,3.47
1776.2,-49.77,3.47
1776.7,-50.03,3.47
1777.2,-50.28,3.47
1777.7,-50.54,3.47
1778.2,-50.8,3.47
1778.7,-51.06,3.47
1779.2,-51.32,3.47
1779.7,-51.59,3.47
1780.2,-51.85,3.47
1780.7,-52.11,3.47
1781.2,-52.37,3.47
1781.7,-52.63,3.47
1782.2,-52.89,3.47
1782.7,-53.16,3.47
1783.2,-53.42,3.47
1783.7,-53.68,3.48
1784.2,-53.95,3.48
1784.7,-54.21,3.48
1785.2,-54.47,3.48
1785.7,-54.74,3.48
1786.2,-55,3.48
1786.7,-55.27,3.48
1787.2,-55.53,3.48
1787.7,-55.8,3.48
1788.2,-56.07,3.48
1788.7,-56.33,3.48
1789.2,-56.6,3.48
1789.7,-56.87,3.48
1790.2,-57.13,3.48
1790.7,-57.4,3.48
1791.2,-57.67,3.48
1791.7,-57.94,3.48
1792.2,-58.21,3.48
1792.7,-58.48,3.48
1793.2,-58.75,3.48
1793.7,-59.02,3.48
1794.2,-59.29,3.48
1794.7,-59.56,3.48
1795.2,-59.83,3.48
1795.7,-60.1,3.48
1796.2,-60.37,3.48
1796.7,-60.64,3.48
1797.2,-60.91,3.48
1797.7,-61.19,3.48
1798.2,-61.46,3.48
1798.7,-61.73,3.48
1799.2,-62,3.48
1799.7,-62.28,3.48
1800.2,-62.55,3.49
1800.7,-62.83,3.49
1801.2,-63.1,3.49
1801.7,-63.38,3.49
1802.2,-63.65,3.49
1802.7,-63.93,3.49
1803.2,-64.2,3.49
1803.7,-64.48,3.49
1804.2,-64.76,3.49
1804.7,-65.03,3.49
1805.2,-65.31,3.49
1805.7,-65.59,3.49
1806.2,-65.87,3.49
1806.7,-66.14,3.49
1807.2,-66.42,3.49
1807.7,-66.7,3.49
1808.2,-66.98,3.49
1808.7,-67.26,3.49
1809.2,-67.54,3.49
1809.7,-67.82,3.49
1810.2,-68.1,3.49
1810.7,-68.38,3.49
1811.2,-68.67,3.49
1811.7,-68.95,3.49
1812.2,-69.23,3.49
1812.7,-69.51,3.49
1813.2,-69.8,3.49
1813.7,-70.08,3.49
1814.2,-70.36,3.49
1814.7,-70.65,3.49
1815.2,-70.93,3.49
1815.7,-71.22,3.5
1816.2,-71.5,3.5
1816.7,-71.79,3.5
1817.2,-72.07,3.5
1817.7,-72.36,3.5
1818.2,-72.64,3.5
1818.7,-72.93,3.5
1819.2,-73.22,3.5
1819.7,-73.51,3.5
1820.2,-73.79,3.5
1820.7,-74.08,3.5
1821.2,-74.37,3.5
1821.7,-74.66,3.5
1822.2,-74.95,3.5
1822.7,-75.24,3.5
1823.2,-75.53,3.5
1823.7,-75.82,3.5
1824.2,-76.11,3.5
1824.7,-76.4,3.5
1825.2,-76.69,3.5
1825.7,-76.99,3.5
1826.2,-77.28,3.5
1826.7,-77.57,3.5
1827.2,-77.86,3.5
1827.7,-78.16,3.5
1828.2,-78.45,3.5
1828.7,-78.74,3.5
1829.2,-79.04,3.51
1829.7,-79.33,3.51
1830.2,-79.63,3.51
1830.7,-79.93,3.51
1831.2,-80.22,3.51
1831.7,-80.52,3.51
1832.2,-80.81,3.51
1832.7,-81.11,3.51
1833.2,-81.41,3.51
1833.7,-81.71,3.51
1834.2,-82.01,3.51
1834.7,-82.3,3.51
1835.2,-82.6,3.51
1835.7,-82.9,3.51
1836.2,-83.2,3.51
1836.7,-83.5,3.51
1837.2,-83.8,3.51
1837.7,-84.11,3.51
1838.2,-84.41,3.51
1838.7,-84.71,3.51
1839.2,-85.01,3.51
1839.7,-85.31,3.51
1840.2,-85.62,3.51
1840.7,-85.92,3.51
1841.2,-86.22,3.51
1841.7,-86.53,3.51
1842.2,-86.83,3.52
1842.7,-87.14,3.52
1843.2,-87.44,3.52
1843.7,-87.75,3.52
1844.2,-88.05,3.52
1844.7,-88.36,3.52
1845.2,-88.67,3.52
1845.7,-88.98,3.52
1846.2,-89.28,3.52
1846.7,-89.59,3.52
1847.2,-89.9,3.52
1847.7,-90.21,3.52
1848.2,-90.52,3.52
1848.7,-90.83,3.52
1849.2,-91.14,3.52
1849.7,-91.45,3.52
1850.2,-91.76,3.52
1850.7,-92.07,3.52
1851.2,-92.38,3.52
1851.7,-92.7,3.52
1852.2,-93.01,3.52
1852.7,-93.32,3.52
1853.2,-93.63,3.52
1853.7,-93.95,3.52
1854.2,-94.26,3.53
1854.7,-94.58,3.53
1855.2,-94.89,3.53
1855.7,-95.21,3.53
1856.2,-95.52,3.53
1856.7,-95.84,3.53
1857.2,-96.16,3.53
1857.7,-96.47,3.53
1858.2,-96.79,3.53
1858.7,-97.11,3.53
1859.2,-97.43,3.53
1859.7,-97.75,3.53
1860.2,-98.07,3.53
1860.7,-98.39,3.53
1861.2,-98.71,3.53
1861.7,-99.03,3.53
1862.2,-99.35,3.53
1862.7,-99.67,3.53
1863.2,-99.99,3.53
1863.7,-100.31,3.53
1864.2,-100.64,3.53
1864.7,-100.96,3.53
1865.2,-101.28,3.53
1865.7,-101.61,3.54
1866.2,-101.93,3.54
1866.7,-102.26,3.54
1867.2,-102.58,3.54
1867.7,-102.91,3.54
1868.2,-103.23,3.54
1868.7,-103.56,3.54
1869.2,-103.89,3.54
1869.7,-104.22,3.54
1870.2,-104.54,3.54
1870.7,-104.87,3.54
1871.2,-105.2,3.54
1871.7,-105.53,3.54
1872.2,-105.86,3.54
1872.7,-106.19,3.54
1873.2,-106.52,3.54
1873.7,-106.85,3.54
1874.2,-107.18,3.54
1874.7,-107.52,3.54
1875.2,-107.85,3.54
1875.7,-108.18,3.54
1876.2,-108.52,3.55
1876.7,-108.85,3.55
1877.2,-109.18,3.55
1877.7,-109.52,3.55
1878.2,-109.85,3.55
1878.7,-110.19,3.55
1879.2,-110.53,3.55
1879.7,-110.86,3.55
1880.2,-111.2,3.55
1880.7,-111.54,3.55
1881.2,-111.87,3.55
1881.7,-112.21,3.55
1882.2,-112.55,3.55
1882.7,-112.89,3.55
1883.2,-113.23,3.55
1883.7,-113.57,3.55
1884.2,-113.91,3.55
1884.7,-114.25,3.55
1885.2,-114.6,3.55
1885.7,-114.94,3.55
1886.2,-115.28,3.56
1886.7,-115.62,3.56
1887.2,-115.97,3.56
1887.7,-116.31,3.56
1888.2,-116.66,3.56
1888.7,-117,3.56
1889.2,-117.35,3.56
1889.7,-117.69,3.56
1890.2,-118.04,3.56
1890.7,-118.39,3.56
1891.2,-118.73,3.56
1891.7,-119.08,3.56
1892.2,-119.43,3.56
1892.7,-119.78,3.56
1893.2,-120.13,3.56
1893.7,-120.48,3.56
1894.2,-120.83,3.56
1894.7,-121.18,3.56
1895.2,-121.53,3.56
1895.7,-121.88,3.57
1896.2,-122.24,3.57
1896.7,-122.59,3.57
1897.2,-122.94,3.57
1897.7,-123.3,3.57
1898.2,-123.65,3.57
1898.7,-124,3.57
1899.2,-124.36,3.57
1899.7,-124.72,3.57
1900.2,-125.07,3.57
1900.7,-125.43,3.57
1901.2,-125.79,3.57
1901.7,-126.14,3.57
1902.2,-126.5,3.57
1902.7,-126.86,3.57
1903.2,-127.22,3.57
1903.7,-127.58,3.57
1904.2,-127.94,3.57
1904.7,-128.3,3.58
1905.2,-128.66,3.58
1905.7,-129.03,3.58
1906.2,-129.39,3.58
1906.7,-129.75,3.58
1907.2,-130.12,3.58
1907.7,-130.48,3.58
1908.2,-130.84,3.58
1908.7,-131.21,3.58
1909.2,-131.58,3.58
1909.7,-131.94,3.58
1910.2,-132.31,3.58
1910.7,-132.68,3.58
1911.2,-133.04,3.58
1911.7,-133.41,3.58
1912.2,-133.78,3.58
1912.7,-134.15,3.58
1913.2,-134.52,3.59
1913.7,-134.89,3.59
1914.2,-135.26,3.59
1914.7,-135.63,3.59
1915.2,-136,3.59
1915.7,-136.38,3.59
1916.2,-136.75,3.59
1916.7,-137.12,3.59
1917.2,-137.5,3.59
1917.7,-137.87,3.59
1918.2,-138.25,3.59
1918.7,-138.62,3.59
1919.2,-139,3.59
1919.7,-139.38,3.59
1920.2,-139.75,3.59
1920.7,-140.13,3.59
1921.2,-140.51,3.59
1921.7,-140.89,3.6
1922.2,-141.27,3.6
1922.7,-141.65,3.6
1923.2,-142.03,3.6
1923.7,-142.41,3.6
1924.2,-142.79,3.6
1924.7,-143.18,3.6
1925.2,-143.56,3.6
1925.7,-143.94,3.6
1926.2,-144.33,3.6
1926.7,-144.71,3.6
1927.2,-145.1,3.6
1927.7,-145.48,3.6
1928.2,-145.87,3.6
1928.7,-146.26,3.6
1929.2,-146.64,3.61
1929.7,-147.03,3.61
1930.2,-147.42,3.61
1930.7,-147.81,3.61
1931.2,-148.2,3.61
1931.7,-148.59,3.61
1932.2,-148.98,3.61
1932.7,-149.37,3.61
1933.2,-149.76,3.61
1933.7,-150.16,3.61
1934.2,-150.55,3.61
1934.7,-150.94,3.61
1935.2,-151.34,3.61
1935.7,-151.73,3.61
1936.2,-152.13,3.61
1936.7,-152.53,3.62
1937.2,-152.92,3.62
1937.7,-153.32,3.62
1938.2,-153.72,3.62
1938.7,-154.12,3.62
1939.2,-154.52,3.62
1939.7,-154.92,3.62
1940.2,-155.32,3.62
1940.7,-155.72,3.62
1941.2,-156.12,3.62
1941.7,-156.52,3.62
1942.2,-156.93,3.62
1942.7,-157.33,3.62
1943.2,-157.73,3.62
1943.7,-158.14,3.62
1944.2,-158.54,3.63
1944.7,-158.95,3.63
1945.2,-159.36,3.63
1945.7,-159.76,3.63
1946.2,-160.17,3.63
1946.7,-160.58,3.63
1947.2,-160.99,3.63
1947.7,-161.4,3.63
1948.2,-161.81,3.63
1948.7,-162.22,3.63
1949.2,-162.63,3.63
1949.7,-163.04,3.63
1950.2,-163.46,3.63
1950.7,-163.87,3.63
1951.2,-164.28,3.64
1951.7,-164.7,3.64
1952.2,-165.11,3.64
1952.7,-165.53,3.64
1953.2,-165.95,3.64
1953.7,-166.36,3.64
1954.2,-166.78,3.64
1954.7,-167.2,3.64
1955.2,-167.62,3.64
1955.7,-168.04,3.64
1956.2,-168.46,3.64
1956.7,-168.88,3.64
1957.2,-169.3,3.64
1957.7,-169.72,3.65
1958.2,-170.15,3.65
1958.7,-170.57,3.65
1959.2,-171,3.65
1959.7,-171.42,3.65
1960.2,-171.85,3.65
1960.7,-172.27,3.65
1961.2,-172.7,3.65
1961.7,-173.13,3.65
1962.2,-173.56,3.65
1962.7,-173.98,3.65
1963.2,-174.41,3.65
1963.7,-174.84,3.65
1964.2,-175.28,3.66
1964.7,-175.71,3.66
1965.2,-176.14,3.66
1965.7,-176.57,3.66
1966.2,-177.01,3.66
1966.7,-177.44,3.66
1967.2,-177.88,3.66
1967.7,-178.31,3.66
1968.2,-178.75,3.66
1968.7,-179.19,3.66
1969.2,-179.62,3.66
1969.7,-180.06,3.66
1970.2,-180.5,3.67
1970.7,-180.94,3.67
1971.2,-181.38,3.67
1971.7,-181.82,3.67
1972.2,-182.27,3.67
1972.7,-182.71,3.67
1973.2,-183.15,3.67
1973.7,-183.6,3.67
1974.2,-184.04,3.67
1974.7,-184.49,3.67
1975.2,-184.93,3.67
1975.7,-185.38,3.67
1976.2,-185.83,3.68
1976.7,-186.28,3.68
1977.2,-186.72,3.68
1977.7,-187.17,3.68
1978.2,-187.62,3.68
1978.7,-188.08,3.68
1979.2,-188.53,3.68
1979.7,-188.98,3.68
1980.2,-189.43,3.68
1980.7,-189.89,3.68
1981.2,-190.34,3.68
1981.7,-190.8,3.68
1982.2,-191.26,3.69
1982.7,-191.71,3.69
1983.2,-192.17,3.69
1983.7,-192.63,3.69
1984.2,-193.09,3.69
1984.7,-193.55,3.69
1985.2,-194.01,3.69
1985.7,-194.47,3.69
1986.2,-194.93,3.69
1986.7,-195.4,3.69
1987.2,-195.86,3.69
1987.7,-196.32,3.7
1988.2,-196.79,3.7
1988.7,-197.26,3.7
1989.2,-197.72,3.7
1989.7,-198.19,3.7
1990.2,-198.66,3.7
1990.7,-199.13,3.7
1991.2,-199.6,3.7
1991.7,-200.07,3.7
1992.2,-200.54,3.7
1992.7,-201.01,3.7
1993.2,-201.48,3.71
1993.7,-201.96,3.71
1994.2,-202.43,3.71
1994.7,-202.91,3.71
1995.2,-203.38,3.71
1995.7,-203.86,3.71
1996.2,-204.34,3.71
1996.7,-204.82,3.71
1997.2,-205.3,3.71
1997.7,-205.78,3.71
1998.2,-206.26,3.72
1998.7,-206.74,3.72
1999.2,-207.22,3.72